{"stats":{"minecraft:broken":{"minecraft:stone_axe":1,"minecraft:wooden_axe":1},"minecraft:dropped":{"minecraft:bread":4,"minecraft:birch_planks":16,"minecraft:wheat_seeds":26,"medieval_craft_weapons:vikingsword":1,"minecraft:diamond":13,"minecraft:cobblestone":32,"minecraft:leather":4,"minecraft:red_wool":64,"medieval_craft_weapons:legionary_helmet":2,"medieval_craft_weapons:lance":2,"minecraft:stick":5,"minecraft:iron_leggings":1,"minecraft:white_banner":4,"minecraft:acacia_planks":1,"minecraft:furnace":1,"medieval_craft_weapons:sword_1":2,"minecraft:cooked_chicken":42,"minecraft:oak_planks":23,"minecraft:iron_boots":1,"minecraft:cooked_mutton":10,"minecraft:white_bed":1,"medieval_craft_weapons:mighty_stick":2,"minecraft:wooden_pickaxe":1,"mobdropsrecipes_overworld:overworld_essence_common":5,"medieval_craft_weapons:greatsword":1,"iceandfire:dragon_skull_lightning":1,"minecraft:egg":1},"minecraft:killed_by":{"minecraft:player":1,"medieval_craft_weapons:archer":11,"alexsmobs:crocodile":1,"minecraft:zombie":2,"medieval_craft_weapons:knight":2,"medieval_craft_weapons:soldier":3},"minecraft:crafted":{"minecraft:oak_planks":228,"minecraft:stone_shovel":1,"minecraft:furnace":3,"minecraft:cooked_mutton":12,"minecraft:stone_pickaxe":1,"medieval_craft_weapons:mighty_stick":2,"minecraft:dark_oak_planks":16,"minecraft:cooked_beef":22,"minecraft:cooked_porkchop":5,"minecraft:crafting_table":2,"minecraft:spruce_planks":88,"minecraft:wooden_pickaxe":1,"minecraft:iron_helmet":1,"alexsmobs:cooked_kangaroo_meat":2,"mobdropsrecipes_overworld:overworld_essence_common":5,"minecraft:birch_planks":20,"minecraft:stone_axe":1,"minecraft:air":0,"minecraft:jungle_planks":4,"minecraft:oak_boat":1,"minecraft:iron_chestplate":1,"minecraft:stick":20,"minecraft:iron_ingot":9,"minecraft:iron_pickaxe":1,"minecraft:wooden_axe":1,"minecraft:white_bed":2,"minecraft:acacia_planks":80,"minecraft:shears":1,"minecraft:diamond_chestplate":1},"minecraft:custom":{"minecraft:mob_kills":88,"minecraft:interact_with_crafting_table":39,"minecraft:leave_game":9,"minecraft:time_since_death":76963,"minecraft:climb_one_cm":8159,"minecraft:sprint_one_cm":650556,"minecraft:walk_one_cm":485826,"minecraft:damage_blocked_by_shield":50,"minecraft:drop":53,"minecraft:play_time":237458,"minecraft:deaths":20,"minecraft:sneak_time":19338,"minecraft:walk_under_water_one_cm":29350,"minecraft:boat_one_cm":17908,"minecraft:jump":4248,"minecraft:walk_on_water_one_cm":77045,"minecraft:total_world_time":237458,"minecraft:interact_with_furnace":37,"tombstone:raider_killed":2,"minecraft:raid_trigger":1,"minecraft:sleep_in_bed":7,"minecraft:time_since_rest":60414,"minecraft:damage_taken":9104,"minecraft:damage_dealt":15942,"minecraft:swim_one_cm":235351,"minecraft:fly_one_cm":871453,"minecraft:open_chest":68,"minecraft:crouch_one_cm":64923,"tombstone:undead_killed":10,"minecraft:fall_one_cm":94942},"minecraft:mined":{"minecraft:spruce_planks":4,"minecraft:white_bed":6,"minecraft:cobblestone_stairs":5,"minecraft:jungle_leaves":2,"minecraft:ladder":5,"biomesoplenty:bush":2,"minecraft:acacia_log":21,"minecraft:grass_block":68,"minecraft:brick_stairs":12,"iceandfire:chared_grass":1,"minecraft:tall_seagrass":1,"minecraft:oak_trapdoor":2,"minecraft:furnace":1,"minecraft:enchanting_table":1,"minecraft:bookshelf":3,"biomesoplenty:high_grass":37,"minecraft:iron_bars":2,"minecraft:stone":65,"minecraft:white_wool":24,"minecraft:oak_slab":1,"minecraft:red_wool":108,"minecraft:red_bed":1,"minecraft:oak_fence":4,"minecraft:crafting_table":7,"minecraft:chest":2,"biomesoplenty:high_grass_plant":92,"minecraft:cobblestone":21,"minecraft:tall_grass":30,"minecraft:oak_planks":10,"minecraft:wall_torch":2,"minecraft:seagrass":1,"minecraft:coarse_dirt":2,"minecraft:birch_log":5,"minecraft:birch_leaves":1,"minecraft:light_gray_wool":14,"minecraft:white_wall_banner":1,"minecraft:grass":175,"minecraft:oak_log":40,"minecraft:dirt":29,"minecraft:acacia_planks":3,"minecraft:stone_bricks":2,"minecraft:polished_andesite":2,"minecraft:oak_leaves":6},"minecraft:killed":{"minecraft:spider":1,"medieval_craft_weapons:archer":6,"medieval_craft_weapons:knight":5,"minecraft:skeleton":4,"medieval_craft_weapons:soldier":11,"minecraft:chicken":1,"alexsmobs:kangaroo":1,"minecraft:pig":7,"minecraft:creeper":1,"alexsmobs:emu":1,"minecraft:sheep":9,"medieval_craft_weapons:romanlegionary":24,"minecraft:pillager":2,"minecraft:zombie":6,"alexsmobs:gazelle":1,"minecraft:cow":5,"medieval_craft_weapons:heavyknight":1},"minecraft:used":{"alexsmobs:emu_egg":3,"minecraft:iron_bars":2,"minecraft:enchanting_table":1,"minecraft:stone_shovel":82,"minecraft:chest":1,"minecraft:spruce_planks":63,"minecraft:shield":1,"minecraft:iron_sword":3,"medieval_craft_weapons:sword_1":15,"medieval_craft_weapons:mighty_stick":84,"minecraft:cooked_chicken":10,"minecraft:torch":1,"minecraft:dirt":96,"minecraft:mutton":4,"minecraft:jungle_planks":3,"medieval_craft_weapons:lance":14,"minecraft:wooden_axe":54,"minecraft:brick_stairs":11,"minecraft:birch_sapling":3,"minecraft:stone_brick_stairs":1,"minecraft:stone_bricks":3,"medieval_craft_weapons:vikingsword":1,"minecraft:light_gray_wool":14,"minecraft:bow":37,"minecraft:furnace":4,"tombstone:gift":7,"minecraft:egg":2,"minecraft:cooked_beef":25,"minecraft:acacia_planks":73,"minecraft:iron_leggings":1,"minecraft:cooked_mutton":2,"minecraft:cobblestone_stairs":4,"minecraft:birch_planks":2,"minecraft:polished_andesite":2,"minecraft:stone_pickaxe":49,"minecraft:oak_planks":157,"minecraft:wooden_pickaxe":16,"minecraft:white_wool":25,"minecraft:oak_slab":1,"minecraft:crafting_table":9,"minecraft:red_bed":1,"minecraft:white_bed":7,"minecraft:shears":108,"minecraft:spruce_log":2,"minecraft:oak_log":18,"minecraft:apple":1,"minecraft:bread":15,"minecraft:chicken":1,"minecraft:iron_pickaxe":52,"medieval_craft_weapons:greatsword":361,"minecraft:stone_axe":118,"minecraft:cobblestone":38,"minecraft:porkchop":6,"minecraft:cooked_porkchop":4,"alexsmobs:animal_dictionary":1,"minecraft:oak_boat":1,"minecraft:coarse_dirt":2},"minecraft:picked_up":{"iceandfire:dragon_skull_lightning":1,"minecraft:crafting_table":7,"minecraft:iron_chestplate":1,"minecraft:coarse_dirt":2,"medieval_craft_weapons:legionary_helmet":2,"minecraft:chicken":1,"minecraft:ladder":5,"minecraft:stone_brick_stairs":1,"minecraft:string":1,"minecraft:red_bed":1,"minecraft:iron_leggings":1,"minecraft:spruce_planks":4,"minecraft:beef":12,"minecraft:light_gray_wool":14,"minecraft:chest":1,"minecraft:birch_sapling":3,"minecraft:iron_boots":1,"minecraft:furnace":2,"minecraft:egg":3,"minecraft:stick":5,"iceandfire:dragonbone":3,"minecraft:oak_fence":3,"minecraft:torch":7,"iceandfire:chared_grass":1,"medieval_craft_weapons:titanite_nugget_1":1,"minecraft:acacia_log":20,"minecraft:porkchop":14,"medieval_craft_weapons:lance":2,"tombstone:grave_dust":2,"medieval_craft_weapons:soldiera_boots":1,"minecraft:arrow":3,"minecraft:rotten_flesh":6,"medieval_craft_weapons:mighty_stick":1,"iceandfire:fire_dragon_heart":1,"alexsmobs:emu_egg":3,"minecraft:brick_stairs":11,"minecraft:mutton":16,"minecraft:iron_bars":2,"alexsmobs:kangaroo_meat":2,"minecraft:white_wool":31,"minecraft:cobblestone":99,"medieval_craft_weapons:greatsword":1,"minecraft:birch_log":5,"minecraft:enchanting_table":1,"minecraft:feather":3,"minecraft:jungle_log":1,"minecraft:leather":4,"alexsmobs:acacia_blossom":4,"minecraft:birch_planks":2,"minecraft:oak_log":47,"minecraft:gunpowder":2,"minecraft:cobblestone_stairs":4,"minecraft:dirt":96,"minecraft:white_banner":5,"minecraft:bone":4,"minecraft:acacia_planks":4,"minecraft:apple":1,"minecraft:stone_bricks":3,"minecraft:bow":1,"minecraft:wheat_seeds":26,"minecraft:cooked_chicken":20,"minecraft:oak_planks":26,"minecraft:acacia_sapling":4,"medieval_craft_weapons:sword_1":1,"minecraft:oak_slab":1,"minecraft:red_wool":76,"minecraft:sand":1,"minecraft:white_bed":6,"minecraft:spider_eye":1,"minecraft:polished_andesite":2,"minecraft:diamond":3,"medieval_craft_weapons:soldiera_leggings":1,"alexsmobs:maggot":1,"minecraft:oak_sapling":6}},"DataVersion":3465}