{"stats":{"minecraft:used":{"alexsmobs:emu_egg":3,"minecraft:polished_andesite":2,"minecraft:stone_pickaxe":37,"minecraft:stone_shovel":32,"minecraft:oak_planks":73,"minecraft:wooden_pickaxe":16,"medieval_craft_weapons:sword_1":15,"medieval_craft_weapons:mighty_stick":84,"minecraft:white_wool":2,"minecraft:dirt":45,"minecraft:crafting_table":5,"minecraft:white_bed":5,"medieval_craft_weapons:lance":14,"minecraft:wooden_axe":54,"minecraft:chicken":1,"medieval_craft_weapons:greatsword":33,"minecraft:stone_bricks":3,"minecraft:stone_axe":67,"minecraft:cobblestone":15,"minecraft:porkchop":5,"minecraft:furnace":2,"tombstone:gift":3,"alexsmobs:animal_dictionary":1,"minecraft:egg":1,"minecraft:cooked_beef":22,"minecraft:acacia_planks":67,"minecraft:iron_leggings":1},"minecraft:crafted":{"minecraft:cooked_beef":22,"minecraft:oak_planks":144,"minecraft:stone_shovel":1,"minecraft:crafting_table":1,"minecraft:wooden_pickaxe":1,"minecraft:furnace":1,"mobdropsrecipes_overworld:overworld_essence_common":5,"minecraft:stone_axe":1,"minecraft:cooked_mutton":10,"minecraft:air":0,"minecraft:stick":20,"minecraft:stone_pickaxe":1,"minecraft:wooden_axe":1,"minecraft:white_bed":2,"medieval_craft_weapons:mighty_stick":1,"minecraft:acacia_planks":64},"minecraft:broken":{"minecraft:wooden_axe":1},"minecraft:killed_by":{"minecraft:player":1,"minecraft:zombie":1,"medieval_craft_weapons:knight":1,"medieval_craft_weapons:soldier":1,"medieval_craft_weapons:archer":7},"minecraft:killed":{"minecraft:pig":6,"minecraft:spider":1,"medieval_craft_weapons:archer":1,"alexsmobs:emu":1,"minecraft:sheep":8,"minecraft:skeleton":3,"medieval_craft_weapons:soldier":6,"minecraft:zombie":6,"minecraft:chicken":1,"alexsmobs:gazelle":1,"alexsmobs:kangaroo":1,"minecraft:cow":5},"minecraft:picked_up":{"iceandfire:dragon_skull_lightning":1,"minecraft:iron_chestplate":1,"minecraft:crafting_table":5,"minecraft:feather":3,"minecraft:chicken":1,"minecraft:leather":4,"alexsmobs:acacia_blossom":2,"minecraft:oak_log":36,"minecraft:cobblestone_stairs":3,"minecraft:dirt":45,"minecraft:white_banner":4,"minecraft:iron_leggings":1,"minecraft:bone":2,"minecraft:acacia_planks":4,"minecraft:stone_bricks":3,"minecraft:wheat_seeds":13,"minecraft:beef":12,"minecraft:oak_planks":17,"minecraft:acacia_sapling":4,"minecraft:iron_boots":1,"minecraft:furnace":1,"minecraft:egg":2,"medieval_craft_weapons:sword_1":1,"minecraft:stick":1,"iceandfire:dragonbone":3,"minecraft:torch":1,"medieval_craft_weapons:titanite_nugget_1":1,"minecraft:acacia_log":16,"minecraft:porkchop":12,"medieval_craft_weapons:lance":2,"tombstone:grave_dust":2,"minecraft:white_bed":4,"medieval_craft_weapons:soldiera_boots":1,"minecraft:spider_eye":1,"minecraft:polished_andesite":2,"minecraft:arrow":2,"minecraft:rotten_flesh":5,"medieval_craft_weapons:mighty_stick":1,"medieval_craft_weapons:soldiera_leggings":1,"alexsmobs:emu_egg":3,"alexsmobs:maggot":1,"minecraft:oak_sapling":4,"minecraft:mutton":14,"alexsmobs:kangaroo_meat":2,"minecraft:white_wool":8,"minecraft:cobblestone":57},"minecraft:mined":{"minecraft:white_bed":4,"minecraft:cobblestone_stairs":3,"minecraft:crafting_table":5,"minecraft:acacia_log":17,"minecraft:grass_block":30,"minecraft:tall_grass":13,"minecraft:cobblestone":2,"minecraft:oak_planks":1,"minecraft:seagrass":1,"minecraft:tall_seagrass":1,"minecraft:furnace":1,"minecraft:white_wall_banner":1,"minecraft:grass":62,"minecraft:oak_log":36,"minecraft:dirt":12,"minecraft:stone_bricks":2,"minecraft:acacia_planks":3,"minecraft:polished_andesite":2,"minecraft:stone":40,"minecraft:white_wool":1,"minecraft:oak_leaves":3},"minecraft:custom":{"minecraft:interact_with_furnace":9,"minecraft:mob_kills":42,"minecraft:interact_with_crafting_table":24,"minecraft:leave_game":1,"minecraft:time_since_death":0,"minecraft:sleep_in_bed":2,"minecraft:time_since_rest":1094,"minecraft:sprint_one_cm":239863,"minecraft:damage_taken":4760,"minecraft:walk_one_cm":218391,"minecraft:drop":22,"minecraft:damage_dealt":7061,"minecraft:swim_one_cm":66591,"minecraft:fly_one_cm":370281,"minecraft:open_chest":1,"minecraft:crouch_one_cm":19560,"minecraft:play_time":94326,"tombstone:undead_killed":9,"minecraft:deaths":11,"minecraft:sneak_time":5831,"minecraft:walk_under_water_one_cm":14449,"minecraft:jump":2040,"minecraft:walk_on_water_one_cm":35607,"minecraft:total_world_time":94326,"minecraft:fall_one_cm":50340},"minecraft:dropped":{"medieval_craft_weapons:sword_1":2,"minecraft:cobblestone":30,"minecraft:oak_planks":23,"minecraft:leather":1,"minecraft:cooked_mutton":10,"minecraft:white_bed":1,"medieval_craft_weapons:lance":1,"minecraft:stick":1,"minecraft:white_banner":2,"mobdropsrecipes_overworld:overworld_essence_common":5,"minecraft:acacia_planks":1,"iceandfire:dragon_skull_lightning":1,"minecraft:egg":1}},"DataVersion":3465}