{"stats":{"minecraft:used":{"alexsmobs:emu_egg":3,"minecraft:polished_andesite":1,"minecraft:stone_pickaxe":31,"minecraft:stone_shovel":32,"minecraft:oak_planks":64,"minecraft:wooden_pickaxe":16,"medieval_craft_weapons:sword_1":15,"medieval_craft_weapons:mighty_stick":84,"minecraft:dirt":45,"minecraft:crafting_table":5,"minecraft:white_bed":4,"medieval_craft_weapons:lance":14,"minecraft:wooden_axe":54,"minecraft:chicken":1,"medieval_craft_weapons:greatsword":8,"minecraft:stone_bricks":1,"minecraft:stone_axe":67,"minecraft:cobblestone":15,"minecraft:porkchop":3,"minecraft:furnace":2,"tombstone:gift":3,"alexsmobs:animal_dictionary":1,"minecraft:egg":1,"minecraft:cooked_beef":22,"minecraft:acacia_planks":67,"minecraft:iron_leggings":1},"minecraft:crafted":{"minecraft:cooked_beef":22,"minecraft:oak_planks":144,"minecraft:stone_shovel":1,"minecraft:crafting_table":1,"minecraft:wooden_pickaxe":1,"minecraft:furnace":1,"mobdropsrecipes_overworld:overworld_essence_common":5,"minecraft:stone_axe":1,"minecraft:cooked_mutton":10,"minecraft:air":0,"minecraft:stick":20,"minecraft:stone_pickaxe":1,"minecraft:wooden_axe":1,"minecraft:white_bed":2,"medieval_craft_weapons:mighty_stick":1,"minecraft:acacia_planks":64},"minecraft:broken":{"minecraft:wooden_axe":1},"minecraft:killed_by":{"minecraft:player":1,"medieval_craft_weapons:knight":1,"medieval_craft_weapons:soldier":1,"medieval_craft_weapons:archer":5},"minecraft:killed":{"minecraft:pig":6,"minecraft:spider":1,"medieval_craft_weapons:archer":1,"alexsmobs:emu":1,"minecraft:sheep":8,"minecraft:skeleton":3,"medieval_craft_weapons:soldier":2,"minecraft:zombie":6,"minecraft:chicken":1,"alexsmobs:gazelle":1,"alexsmobs:kangaroo":1,"minecraft:cow":5},"minecraft:picked_up":{"iceandfire:dragon_skull_lightning":1,"minecraft:crafting_table":5,"minecraft:feather":2,"minecraft:chicken":1,"minecraft:leather":4,"alexsmobs:acacia_blossom":1,"minecraft:oak_log":36,"minecraft:dirt":45,"minecraft:white_banner":3,"minecraft:iron_leggings":1,"minecraft:bone":2,"minecraft:acacia_planks":4,"minecraft:stone_bricks":2,"minecraft:wheat_seeds":12,"minecraft:beef":12,"minecraft:oak_planks":17,"minecraft:acacia_sapling":4,"minecraft:iron_boots":1,"minecraft:furnace":1,"minecraft:egg":2,"medieval_craft_weapons:sword_1":1,"minecraft:stick":1,"iceandfire:dragonbone":3,"minecraft:torch":1,"medieval_craft_weapons:titanite_nugget_1":1,"minecraft:acacia_log":16,"minecraft:porkchop":12,"medieval_craft_weapons:lance":2,"tombstone:grave_dust":2,"minecraft:white_bed":3,"minecraft:spider_eye":1,"minecraft:polished_andesite":1,"minecraft:arrow":2,"minecraft:rotten_flesh":5,"medieval_craft_weapons:soldiera_leggings":1,"alexsmobs:emu_egg":3,"alexsmobs:maggot":1,"minecraft:oak_sapling":4,"minecraft:mutton":14,"alexsmobs:kangaroo_meat":2,"minecraft:white_wool":8,"minecraft:cobblestone":57},"minecraft:mined":{"minecraft:white_bed":3,"minecraft:crafting_table":5,"minecraft:acacia_log":17,"minecraft:grass_block":30,"minecraft:tall_grass":7,"minecraft:cobblestone":2,"minecraft:oak_planks":1,"minecraft:furnace":1,"minecraft:white_wall_banner":1,"minecraft:grass":50,"minecraft:oak_log":36,"minecraft:dirt":12,"minecraft:stone_bricks":1,"minecraft:acacia_planks":3,"minecraft:polished_andesite":1,"minecraft:stone":40,"minecraft:oak_leaves":3},"minecraft:custom":{"minecraft:interact_with_furnace":9,"minecraft:mob_kills":38,"minecraft:interact_with_crafting_table":24,"minecraft:time_since_death":3210,"minecraft:sleep_in_bed":2,"minecraft:time_since_rest":2742,"minecraft:sprint_one_cm":227196,"minecraft:damage_taken":4056,"minecraft:walk_one_cm":206108,"minecraft:drop":22,"minecraft:damage_dealt":6236,"minecraft:swim_one_cm":40154,"minecraft:fly_one_cm":345195,"minecraft:open_chest":1,"minecraft:crouch_one_cm":17962,"minecraft:play_time":86924,"tombstone:undead_killed":9,"minecraft:deaths":8,"minecraft:sneak_time":5284,"minecraft:walk_under_water_one_cm":12676,"minecraft:jump":1891,"minecraft:walk_on_water_one_cm":30241,"minecraft:total_world_time":86924,"minecraft:fall_one_cm":45938},"minecraft:dropped":{"medieval_craft_weapons:sword_1":2,"minecraft:cobblestone":30,"minecraft:oak_planks":23,"minecraft:leather":1,"minecraft:cooked_mutton":10,"minecraft:white_bed":1,"medieval_craft_weapons:lance":1,"minecraft:stick":1,"minecraft:white_banner":2,"mobdropsrecipes_overworld:overworld_essence_common":5,"minecraft:acacia_planks":1,"iceandfire:dragon_skull_lightning":1,"minecraft:egg":1}},"DataVersion":3465}