{"stats":{"minecraft:broken":{"minecraft:wooden_axe":1},"minecraft:dropped":{"minecraft:birch_planks":16,"medieval_craft_weapons:vikingsword":1,"minecraft:cobblestone":32,"minecraft:leather":4,"medieval_craft_weapons:lance":2,"minecraft:stick":5,"minecraft:iron_leggings":1,"minecraft:white_banner":4,"minecraft:acacia_planks":1,"minecraft:furnace":1,"medieval_craft_weapons:sword_1":2,"minecraft:cooked_chicken":2,"minecraft:oak_planks":23,"minecraft:iron_boots":1,"minecraft:cooked_mutton":10,"minecraft:white_bed":1,"medieval_craft_weapons:mighty_stick":2,"minecraft:wooden_pickaxe":1,"mobdropsrecipes_overworld:overworld_essence_common":5,"iceandfire:dragon_skull_lightning":1,"minecraft:egg":1},"minecraft:killed_by":{"minecraft:player":1,"medieval_craft_weapons:archer":11,"alexsmobs:crocodile":1,"minecraft:zombie":2,"medieval_craft_weapons:knight":2,"medieval_craft_weapons:soldier":3},"minecraft:crafted":{"minecraft:oak_planks":224,"minecraft:stone_shovel":1,"minecraft:furnace":3,"minecraft:cooked_mutton":10,"minecraft:stone_pickaxe":1,"medieval_craft_weapons:mighty_stick":2,"minecraft:dark_oak_planks":16,"minecraft:cooked_beef":22,"minecraft:cooked_porkchop":4,"minecraft:crafting_table":2,"minecraft:wooden_pickaxe":1,"alexsmobs:cooked_kangaroo_meat":2,"mobdropsrecipes_overworld:overworld_essence_common":5,"minecraft:birch_planks":20,"minecraft:stone_axe":1,"minecraft:air":0,"minecraft:jungle_planks":4,"minecraft:stick":20,"minecraft:iron_pickaxe":1,"minecraft:wooden_axe":1,"minecraft:white_bed":2,"minecraft:acacia_planks":80},"minecraft:custom":{"minecraft:mob_kills":52,"minecraft:interact_with_crafting_table":31,"minecraft:leave_game":8,"minecraft:time_since_death":9103,"minecraft:climb_one_cm":4845,"minecraft:sprint_one_cm":447260,"minecraft:walk_one_cm":349763,"minecraft:drop":43,"minecraft:play_time":169598,"minecraft:deaths":20,"minecraft:sneak_time":9947,"minecraft:walk_under_water_one_cm":23752,"minecraft:jump":3294,"minecraft:walk_on_water_one_cm":69565,"minecraft:total_world_time":169598,"minecraft:interact_with_furnace":20,"tombstone:raider_killed":2,"minecraft:raid_trigger":1,"minecraft:sleep_in_bed":6,"minecraft:time_since_rest":8829,"minecraft:damage_taken":7668,"minecraft:damage_dealt":8890,"minecraft:swim_one_cm":204912,"minecraft:fly_one_cm":671179,"minecraft:open_chest":21,"minecraft:crouch_one_cm":32048,"tombstone:undead_killed":10,"minecraft:fall_one_cm":71285},"minecraft:mined":{"minecraft:white_bed":6,"minecraft:cobblestone_stairs":3,"minecraft:jungle_leaves":1,"minecraft:acacia_log":21,"minecraft:grass_block":68,"minecraft:tall_seagrass":1,"minecraft:furnace":1,"biomesoplenty:high_grass":26,"minecraft:stone":63,"minecraft:white_wool":23,"minecraft:crafting_table":7,"biomesoplenty:high_grass_plant":83,"minecraft:tall_grass":30,"minecraft:cobblestone":2,"minecraft:oak_planks":4,"minecraft:seagrass":1,"minecraft:coarse_dirt":2,"minecraft:birch_log":5,"minecraft:light_gray_wool":13,"minecraft:white_wall_banner":1,"minecraft:grass":166,"minecraft:oak_log":38,"minecraft:dirt":29,"minecraft:acacia_planks":3,"minecraft:stone_bricks":2,"minecraft:polished_andesite":2,"minecraft:oak_leaves":6},"minecraft:killed":{"minecraft:spider":1,"medieval_craft_weapons:archer":2,"medieval_craft_weapons:knight":2,"minecraft:skeleton":4,"medieval_craft_weapons:soldier":6,"minecraft:chicken":1,"alexsmobs:kangaroo":1,"minecraft:pig":7,"minecraft:creeper":1,"alexsmobs:emu":1,"minecraft:sheep":9,"minecraft:pillager":2,"minecraft:zombie":6,"alexsmobs:gazelle":1,"minecraft:cow":5,"medieval_craft_weapons:heavyknight":1},"minecraft:used":{"alexsmobs:emu_egg":3,"minecraft:stone_shovel":81,"medieval_craft_weapons:sword_1":15,"medieval_craft_weapons:mighty_stick":84,"minecraft:cooked_chicken":3,"minecraft:torch":1,"minecraft:dirt":86,"minecraft:mutton":4,"minecraft:jungle_planks":1,"medieval_craft_weapons:lance":14,"minecraft:wooden_axe":54,"minecraft:birch_sapling":3,"minecraft:stone_bricks":3,"medieval_craft_weapons:vikingsword":1,"minecraft:furnace":4,"tombstone:gift":7,"minecraft:egg":2,"minecraft:cooked_beef":22,"minecraft:acacia_planks":73,"minecraft:iron_leggings":1,"minecraft:cobblestone_stairs":3,"minecraft:stone_pickaxe":49,"minecraft:polished_andesite":2,"minecraft:oak_planks":137,"minecraft:wooden_pickaxe":16,"minecraft:white_wool":2,"minecraft:crafting_table":9,"minecraft:white_bed":6,"minecraft:oak_log":2,"minecraft:apple":1,"minecraft:chicken":1,"minecraft:iron_pickaxe":13,"medieval_craft_weapons:greatsword":214,"minecraft:stone_axe":89,"minecraft:cobblestone":16,"minecraft:porkchop":5,"minecraft:cooked_porkchop":4,"alexsmobs:animal_dictionary":1,"minecraft:coarse_dirt":1},"minecraft:picked_up":{"iceandfire:dragon_skull_lightning":1,"minecraft:coarse_dirt":2,"minecraft:crafting_table":7,"minecraft:iron_chestplate":1,"minecraft:chicken":1,"minecraft:string":1,"minecraft:iron_leggings":1,"minecraft:beef":12,"minecraft:light_gray_wool":12,"minecraft:birch_sapling":3,"minecraft:furnace":2,"minecraft:iron_boots":1,"minecraft:egg":3,"minecraft:stick":5,"iceandfire:dragonbone":3,"minecraft:torch":1,"medieval_craft_weapons:titanite_nugget_1":1,"minecraft:acacia_log":20,"minecraft:porkchop":14,"medieval_craft_weapons:lance":2,"tombstone:grave_dust":2,"medieval_craft_weapons:soldiera_boots":1,"minecraft:arrow":3,"minecraft:rotten_flesh":5,"medieval_craft_weapons:mighty_stick":1,"alexsmobs:emu_egg":3,"minecraft:mutton":16,"alexsmobs:kangaroo_meat":2,"minecraft:white_wool":30,"minecraft:cobblestone":80,"minecraft:birch_log":5,"minecraft:feather":3,"minecraft:jungle_log":1,"minecraft:leather":4,"alexsmobs:acacia_blossom":2,"minecraft:oak_log":38,"minecraft:gunpowder":2,"minecraft:cobblestone_stairs":3,"minecraft:dirt":96,"minecraft:white_banner":5,"minecraft:bone":4,"minecraft:acacia_planks":4,"minecraft:apple":1,"minecraft:stone_bricks":3,"minecraft:bow":1,"minecraft:wheat_seeds":26,"minecraft:oak_planks":20,"minecraft:acacia_sapling":4,"medieval_craft_weapons:sword_1":1,"minecraft:white_bed":6,"minecraft:spider_eye":1,"minecraft:polished_andesite":2,"medieval_craft_weapons:soldiera_leggings":1,"alexsmobs:maggot":1,"minecraft:oak_sapling":5}},"DataVersion":3465}