{"stats":{"minecraft:used":{"alexsmobs:emu_egg":3,"minecraft:cobblestone_stairs":2,"minecraft:polished_andesite":2,"minecraft:stone_shovel":61,"minecraft:stone_pickaxe":48,"minecraft:oak_planks":73,"minecraft:wooden_pickaxe":16,"medieval_craft_weapons:sword_1":15,"medieval_craft_weapons:mighty_stick":84,"minecraft:white_wool":2,"minecraft:torch":1,"minecraft:dirt":67,"minecraft:crafting_table":9,"minecraft:white_bed":6,"medieval_craft_weapons:lance":14,"minecraft:wooden_axe":54,"minecraft:chicken":1,"minecraft:stone_bricks":3,"medieval_craft_weapons:greatsword":46,"medieval_craft_weapons:vikingsword":1,"minecraft:stone_axe":79,"minecraft:cobblestone":16,"minecraft:cooked_porkchop":2,"minecraft:porkchop":5,"minecraft:furnace":3,"tombstone:gift":3,"minecraft:egg":1,"alexsmobs:animal_dictionary":1,"minecraft:cooked_beef":22,"minecraft:acacia_planks":73,"minecraft:iron_leggings":1},"minecraft:crafted":{"minecraft:cooked_beef":22,"minecraft:oak_planks":144,"minecraft:stone_shovel":1,"minecraft:cooked_porkchop":4,"minecraft:crafting_table":2,"minecraft:wooden_pickaxe":1,"minecraft:furnace":2,"mobdropsrecipes_overworld:overworld_essence_common":5,"minecraft:birch_planks":20,"minecraft:stone_axe":1,"minecraft:cooked_mutton":10,"minecraft:air":0,"minecraft:stick":20,"minecraft:stone_pickaxe":1,"minecraft:wooden_axe":1,"minecraft:white_bed":2,"medieval_craft_weapons:mighty_stick":2,"minecraft:acacia_planks":80},"minecraft:broken":{"minecraft:wooden_axe":1},"minecraft:killed_by":{"minecraft:player":1,"minecraft:zombie":2,"medieval_craft_weapons:soldier":2,"medieval_craft_weapons:knight":2,"medieval_craft_weapons:archer":7},"minecraft:killed":{"minecraft:pig":7,"minecraft:spider":1,"medieval_craft_weapons:archer":1,"medieval_craft_weapons:knight":1,"alexsmobs:emu":1,"minecraft:sheep":9,"minecraft:skeleton":3,"minecraft:pillager":2,"medieval_craft_weapons:soldier":6,"minecraft:zombie":6,"minecraft:chicken":1,"alexsmobs:gazelle":1,"alexsmobs:kangaroo":1,"minecraft:cow":5},"minecraft:picked_up":{"minecraft:birch_log":5,"iceandfire:dragon_skull_lightning":1,"minecraft:iron_chestplate":1,"minecraft:crafting_table":7,"minecraft:feather":3,"minecraft:chicken":1,"minecraft:leather":4,"alexsmobs:acacia_blossom":2,"minecraft:oak_log":36,"minecraft:cobblestone_stairs":3,"minecraft:string":1,"minecraft:dirt":74,"minecraft:white_banner":5,"minecraft:iron_leggings":1,"minecraft:bone":2,"minecraft:acacia_planks":4,"minecraft:stone_bricks":3,"minecraft:wheat_seeds":16,"minecraft:beef":12,"minecraft:birch_sapling":3,"minecraft:acacia_sapling":4,"minecraft:oak_planks":17,"minecraft:egg":2,"minecraft:iron_boots":1,"minecraft:furnace":2,"medieval_craft_weapons:sword_1":1,"minecraft:stick":5,"iceandfire:dragonbone":3,"minecraft:acacia_log":20,"medieval_craft_weapons:titanite_nugget_1":1,"minecraft:torch":1,"minecraft:porkchop":14,"medieval_craft_weapons:lance":2,"tombstone:grave_dust":2,"minecraft:white_bed":5,"medieval_craft_weapons:soldiera_boots":1,"minecraft:spider_eye":1,"minecraft:polished_andesite":2,"minecraft:arrow":2,"minecraft:rotten_flesh":5,"medieval_craft_weapons:mighty_stick":1,"medieval_craft_weapons:soldiera_leggings":1,"alexsmobs:emu_egg":3,"alexsmobs:maggot":1,"minecraft:oak_sapling":4,"minecraft:mutton":16,"alexsmobs:kangaroo_meat":2,"minecraft:white_wool":8,"minecraft:cobblestone":68},"minecraft:mined":{"minecraft:white_bed":5,"minecraft:cobblestone_stairs":3,"minecraft:crafting_table":7,"minecraft:acacia_log":21,"minecraft:grass_block":61,"minecraft:tall_grass":20,"minecraft:cobblestone":2,"minecraft:oak_planks":1,"minecraft:seagrass":1,"minecraft:tall_seagrass":1,"minecraft:furnace":1,"minecraft:birch_log":5,"minecraft:white_wall_banner":1,"minecraft:grass":79,"minecraft:oak_log":36,"minecraft:dirt":14,"minecraft:acacia_planks":3,"minecraft:polished_andesite":2,"minecraft:stone":51,"minecraft:stone_bricks":2,"minecraft:white_wool":1,"minecraft:oak_leaves":3},"minecraft:custom":{"minecraft:interact_with_furnace":17,"minecraft:mob_kills":47,"tombstone:raider_killed":2,"minecraft:interact_with_crafting_table":28,"minecraft:leave_game":4,"minecraft:time_since_death":19760,"minecraft:sleep_in_bed":2,"minecraft:time_since_rest":18940,"minecraft:sprint_one_cm":299664,"minecraft:damage_taken":5780,"minecraft:walk_one_cm":270706,"minecraft:drop":38,"minecraft:damage_dealt":7810,"minecraft:swim_one_cm":120150,"minecraft:fly_one_cm":484251,"minecraft:open_chest":1,"minecraft:crouch_one_cm":25564,"minecraft:play_time":123390,"tombstone:undead_killed":9,"minecraft:deaths":14,"minecraft:sneak_time":7798,"minecraft:walk_under_water_one_cm":18935,"minecraft:jump":2514,"minecraft:walk_on_water_one_cm":49164,"minecraft:total_world_time":123390,"minecraft:fall_one_cm":59573},"minecraft:dropped":{"minecraft:furnace":1,"medieval_craft_weapons:sword_1":2,"minecraft:birch_planks":16,"medieval_craft_weapons:vikingsword":1,"minecraft:cobblestone":32,"minecraft:iron_boots":1,"minecraft:oak_planks":23,"minecraft:leather":1,"minecraft:cooked_mutton":10,"minecraft:white_bed":1,"medieval_craft_weapons:lance":2,"minecraft:stick":5,"medieval_craft_weapons:mighty_stick":2,"minecraft:iron_leggings":1,"minecraft:white_banner":4,"minecraft:wooden_pickaxe":1,"mobdropsrecipes_overworld:overworld_essence_common":5,"iceandfire:dragon_skull_lightning":1,"minecraft:acacia_planks":1,"minecraft:egg":1}},"DataVersion":3465}