{"stats":{"minecraft:broken":{"minecraft:wooden_axe":1},"minecraft:custom":{"lootr:looted_stat":7,"minecraft:mob_kills":18,"minecraft:interact_with_crafting_table":5,"minecraft:leave_game":3,"minecraft:time_since_death":12800,"minecraft:sleep_in_bed":1,"minecraft:climb_one_cm":384,"minecraft:time_since_rest":12183,"minecraft:sprint_one_cm":102658,"minecraft:damage_taken":1124,"minecraft:walk_one_cm":144871,"minecraft:drop":8,"minecraft:damage_dealt":1737,"minecraft:swim_one_cm":2143,"minecraft:fly_one_cm":106530,"minecraft:player_kills":1,"minecraft:open_chest":1,"minecraft:crouch_one_cm":10974,"minecraft:play_time":61019,"minecraft:deaths":2,"minecraft:sneak_time":2923,"minecraft:walk_under_water_one_cm":2988,"minecraft:jump":519,"minecraft:walk_on_water_one_cm":4899,"minecraft:total_world_time":61019,"minecraft:fall_one_cm":9075},"minecraft:picked_up":{"minecraft:wooden_axe":1,"tac:round45":4,"minecraft:crafting_table":1,"minecraft:oak_log":6,"create:blaze_burner":1,"minecraft:string":19,"minecraft:dirt":5,"embellishcraft:gneiss_large_bricks_wall":2,"minecraft:bone":14,"farmersdelight:cooking_pot":1,"minecraft:apple":1,"minecraft:stone_bricks":6,"minecraft:stonecutter":1,"minecraft:wheat_seeds":4,"tac:9mm_round":10,"minecraft:melon_slice":32,"minecraft:stick":2,"embellishcraft:smooth_marble":4,"minecraft:sweet_berries":2,"biomesoplenty:mahogany_log":28,"minecraft:rotten_flesh":7,"biomesoplenty:mahogany_sapling":1,"create:veridium":1,"minecraft:oak_sapling":1,"rocks:cobblestone_splitter":9,"minecraft:cobblestone":7},"minecraft:used":{"biomesoplenty:mahogany_planks":98,"minecraft:stone_sword":16,"minecraft:glass_bottle":1,"minecraft:oak_planks":24,"minecraft:wooden_pickaxe":27,"minecraft:torch":11,"minecraft:dirt":3,"apocalypsenow:apple_juice":1,"minecraft:crafting_table":3,"embellishcraft:gneiss_large_bricks_wall":1,"minecraft:wooden_axe":12,"farmersdelight:honey_cookie":1,"farmersdelight:apple_cider":1,"minecraft:apple":1,"minecraft:bread":2,"apocalypsenow:baseball_bat":3,"minecraft:stone_bricks":6,"biomesoplenty:mahogany_sapling":1,"chalk:red_chalk":1,"minecraft:cobblestone":3,"minecraft:potion":5,"minecraft:sweet_berries":5,"minecraft:oak_sapling":1,"apocalypsenow:hawkbill_machete":20},"minecraft:killed_by":{"minecraft:zombie":2},"minecraft:dropped":{"minecraft:wheat_seeds":2,"minecraft:glass_bottle":1,"minecraft:rotten_flesh":1,"patchouli:guide_book":1,"minecraft:wooden_axe":1,"tac:9mm_round":10,"minecraft:bone":2},"minecraft:mined":{"minecraft:dark_oak_planks":1,"minecraft:crafting_table":1,"createbigcannons:traffic_cone":3,"minecraft:grass_block":2,"minecraft:melon":6,"embellishcraft:gneiss_large_bricks_wall":2,"minecraft:cobblestone":1,"rocks:rock":9,"biomesoplenty:mahogany_log":3,"minecraft:sweet_berry_bush":1,"rocks:oak_stick":1,"minecraft:grass":5,"embellishcraft:smooth_marble":2,"create:vertical_framed_glass_pane":2,"rocks:birch_stick":1,"minecraft:dirt":3,"minecraft:cobweb":1,"minecraft:stone":6,"minecraft:stonecutter":1,"minecraft:stone_bricks":6,"create:veridium":1,"minecraft:oak_leaves":1,"create:dark_oak_window_pane":10,"create_central_kitchen:blaze_stove":1,"minecraft:fern":16,"farmersdelight:cooking_pot":1},"minecraft:crafted":{"minecraft:air":140,"minecraft:stick":4,"minecraft:wooden_axe":1,"minecraft:stone_sword":1},"minecraft:killed":{"minecraft:husk":3,"undead_revamp2:the_moonflower":1,"undead_revamp2:thesmoker":2,"undead_revamp2:bomber":1,"minecraft:zombie":5,"zombie_extreme:infected_police":1}},"DataVersion":2975}