{"stats":{"minecraft:broken":{"minecraft:wooden_axe":1,"apocalypsenow:baseball_bat":1},"minecraft:custom":{"lootr:looted_stat":14,"minecraft:mob_kills":57,"minecraft:interact_with_crafting_table":18,"minecraft:leave_game":4,"minecraft:time_since_death":18791,"minecraft:climb_one_cm":979,"minecraft:sprint_one_cm":231156,"minecraft:walk_one_cm":301052,"minecraft:drop":11,"minecraft:talked_to_villager":2,"minecraft:play_time":108949,"minecraft:deaths":5,"minecraft:sneak_time":3110,"minecraft:walk_under_water_one_cm":2988,"minecraft:jump":997,"minecraft:walk_on_water_one_cm":4899,"minecraft:total_world_time":108949,"minecraft:interact_with_furnace":2,"minecraft:sleep_in_bed":3,"minecraft:time_since_rest":31,"minecraft:damage_taken":2156,"minecraft:damage_dealt":5684,"minecraft:swim_one_cm":2143,"minecraft:fly_one_cm":217726,"minecraft:freezer_opened":3,"minecraft:player_kills":1,"minecraft:open_chest":7,"minecraft:crouch_one_cm":11423,"minecraft:interact_with_smoker":2,"minecraft:fall_one_cm":23248},"minecraft:picked_up":{"minecraft:wooden_axe":1,"minecraft:crafting_table":2,"immersiveengineering:plate_duroplast":2,"create:bar_of_chocolate":4,"minecraft:string":82,"quark:paper_wall_big":2,"create:sweet_roll":6,"minecraft:compass":1,"farmersdelight:fried_rice":3,"minecraft:melon_slice":64,"minecraft:chest":1,"minecraft:furnace":1,"minecraft:stick":2,"farmersdelight:potato_crate":2,"embellishcraft:smooth_marble":4,"apocalypsenow:canned_pork":11,"minecraft:torch":18,"chalk:blue_chalk":1,"minecraft:dark_oak_planks":2,"farmersdelight:melon_popsicle":1,"apocalypsenow:porpsi":7,"minecraft:rotten_flesh":30,"biomesoplenty:mahogany_sapling":1,"pfm:oak_brown_simple_bed":1,"create:veridium":1,"minecraft:gold_ingot":2,"farmersdelight:melon_juice":9,"minecraft:cobblestone":7,"minecraft:birch_log":3,"tac:round45":11,"minecraft:leather_chestplate":1,"apocalypsenow:canned_melon":4,"apocalypsenow:peach_juice":3,"apocalypsenow:coffee":7,"minecraft:leather":27,"apocalypsenow:orange_juice":9,"minecraft:oak_log":6,"contenttweaker:rubber":2,"create:blaze_burner":1,"apocalypsenow:construction_chestplate":2,"apocalypsenow:canned_tomatos":2,"minecraft:dirt":26,"minecraft:paper":15,"embellishcraft:gneiss_large_bricks_wall":2,"tac:m1911":1,"minecraft:leather_boots":1,"minecraft:bone":44,"minecraft:apple":1,"minecraft:stone_bricks":6,"farmersdelight:cooking_pot":1,"minecraft:stonecutter":1,"minecraft:wheat_seeds":4,"apocalypsenow:human_flesh":2,"apocalypsenow:money":7,"minecraft:iron_ingot":5,"apocalypsenow:crowbar":1,"tac:9mm_round":29,"minecraft:dark_oak_stairs":1,"minecraft:sweet_berries":4,"apocalypsenow:hawkbill_machete":1,"chalk:red_chalk":1,"apocalypsenow:canned_fish":4,"apocalypsenow:dagger":1,"minecraft:leather_helmet":1,"apocalypsenow:coke":3,"biomesoplenty:mahogany_log":28,"naturescompass:naturescompass":1,"minecraft:bread":6,"minecraft:oak_sapling":1,"rocks:cobblestone_splitter":9,"minecraft:coal":6},"minecraft:used":{"biomesoplenty:mahogany_planks":98,"pfm:oak_brown_simple_bed":1,"minecraft:stone_sword":16,"farmersdelight:melon_juice":2,"quark:paper_wall_big":2,"minecraft:torch":30,"minecraft:dirt":24,"apocalypsenow:apple_juice":1,"apocalypsenow:orange_juice":2,"minecraft:wooden_axe":25,"apocalypsenow:baseball_bat":33,"minecraft:stone_bricks":6,"biomesoplenty:mahogany_sapling":1,"minecraft:sweet_berries":5,"minecraft:oak_sapling":1,"minecraft:furnace":1,"farmersdelight:potato_crate":2,"apocalypsenow:hawkbill_machete":48,"minecraft:birch_planks":3,"minecraft:glass_bottle":1,"minecraft:stone_pickaxe":1,"apocalypsenow:crowbar":96,"minecraft:oak_planks":28,"minecraft:wooden_pickaxe":27,"minecraft:crafting_table":5,"embellishcraft:gneiss_large_bricks_wall":1,"apocalypsenow:coke":1,"farmersdelight:honey_cookie":1,"minecraft:apple":4,"farmersdelight:apple_cider":1,"minecraft:bread":2,"minecraft:leather_helmet":1,"chalk:red_chalk":1,"minecraft:cobblestone":3,"minecraft:potion":5,"apocalypsenow:peach_juice":1},"minecraft:killed_by":{"zombie_extreme:infected_police":1,"minecraft:zombie":3},"minecraft:dropped":{"minecraft:wheat_seeds":2,"minecraft:glass_bottle":1,"minecraft:wooden_axe":1,"minecraft:bone":2,"minecraft:rotten_flesh":3,"patchouli:guide_book":1,"tac:9mm_round":14},"minecraft:mined":{"minecraft:dark_oak_planks":3,"minecraft:grass_block":22,"pfm:oak_brown_simple_bed":1,"rocks:rock":9,"minecraft:furnace":1,"create:vertical_framed_glass":3,"rocks:oak_stick":1,"minecraft:dark_oak_stairs":1,"rocks:birch_stick":1,"minecraft:stone":6,"create:veridium":1,"create:dark_oak_window_pane":14,"create_central_kitchen:blaze_stove":1,"farmersdelight:cooking_pot":1,"lootr:lootr_chest":1,"farmersdelight:potato_crate":2,"minecraft:crafting_table":2,"createbigcannons:traffic_cone":3,"minecraft:melon":6,"minecraft:cobblestone":1,"embellishcraft:gneiss_large_bricks_wall":2,"minecraft:wall_torch":3,"biomesoplenty:mahogany_log":3,"minecraft:birch_log":3,"minecraft:sweet_berry_bush":2,"quark:paper_wall_big":2,"minecraft:grass":5,"embellishcraft:smooth_marble":2,"create:vertical_framed_glass_pane":2,"minecraft:dirt":4,"minecraft:cobweb":1,"minecraft:stone_bricks":6,"minecraft:stonecutter":1,"minecraft:oak_leaves":8,"minecraft:fern":16},"minecraft:crafted":{"firstaid:plaster":2,"sophisticatedbackpacks:backpack":1,"minecraft:crafting_table":1,"minecraft:birch_planks":12,"minecraft:air":146,"minecraft:white_wool":8,"minecraft:stick":8,"minecraft:stone_sword":1,"minecraft:wooden_axe":2},"minecraft:killed":{"hordes:zombie_player":1,"undead_revamp2:thesmoker":5,"undead_revamp2:bomber":3,"zombie_extreme:crawler":1,"minecraft:husk":8,"undead_revamp2:the_moonflower":2,"minecraft:zombie":26,"zombie_extreme:infected_police":3}},"DataVersion":2975}