{"stats":{"minecraft:killed":{"minecraft:spider":4,"medieval_craft_weapons:archer":13,"medieval_craft_weapons:knight":26,"minecraft:horse":1,"minecraft:skeleton":1,"medieval_craft_weapons:soldier":44,"minecraft:drowned":1,"minecraft:zombie_villager":1,"minecraft:creeper":1,"minecraft:sheep":6,"minecraft:zombie":7,"iceandfire:ghost":3,"minecraft:enderman":1,"minecraft:cow":8,"medieval_craft_weapons:heavyknight":7},"minecraft:broken":{"medieval_craft_weapons:mace":2,"medieval_craft_weapons:sword_1":1,"minecraft:wooden_axe":1},"minecraft:mined":{"minecraft:spruce_planks":11,"iceandfire:copper_pile":2,"minecraft:grass_block":50,"iceandfire:lectern":1,"minecraft:birch_slab":1,"minecraft:furnace":1,"iceandfire:gold_pile":3,"minecraft:stripped_oak_log":1,"minecraft:stone":48,"iceandfire:podium_spruce":1,"minecraft:cake":1,"minecraft:spruce_slab":7,"minecraft:tripwire":1,"iceandfire:pixie_jar_empty":1,"minecraft:oak_slab":12,"minecraft:glass_pane":5,"minecraft:smoker":1,"minecraft:stone_brick_slab":2,"minecraft:crafting_table":2,"minecraft:torch":1,"minecraft:chest":5,"minecraft:tall_grass":3,"minecraft:oak_planks":46,"minecraft:sugar_cane":8,"minecraft:wall_torch":6,"minecraft:birch_log":12,"minecraft:yellow_bed":3,"minecraft:stone_brick_stairs":2,"minecraft:grass":12,"iceandfire:silver_pile":3,"minecraft:oak_log":79,"minecraft:dirt":59,"minecraft:cracked_stone_bricks":3,"minecraft:tripwire_hook":2,"minecraft:stone_bricks":10,"minecraft:oak_leaves":7},"minecraft:dropped":{"minecraft:iron_ingot":4,"minecraft:wheat_seeds":1,"minecraft:oak_log":5,"minecraft:diamond_leggings":1,"minecraft:crossbow":1,"minecraft:chainmail_helmet":1,"minecraft:torch":1,"medieval_craft_weapons:sword_1":3,"alexsmobs:animal_dictionary":1,"minecraft:stone_sword":1,"medieval_craft_weapons:plate_leggings":1,"minecraft:rotten_flesh":1,"minecraft:gunpowder":2,"medieval_craft_weapons:mighty_stick":1,"iceandfire:bestiary":1,"minecraft:leather_boots":1,"minecraft:diamond_boots":1,"minecraft:wooden_pickaxe":3},"minecraft:crafted":{"minecraft:oak_door":3,"minecraft:oak_planks":276,"medieval_craft_weapons:pole_axe":1,"minecraft:birch_slab":42,"minecraft:furnace":2,"minecraft:cooked_mutton":10,"ageofweapons:caveman_spear":1,"minecraft:diamond_leggings":2,"minecraft:diamond_boots":1,"medieval_craft_weapons:mighty_stick":1,"minecraft:smoker":1,"minecraft:cooked_beef":11,"minecraft:oak_slab":18,"sophisticatedbackpacks:backpack":1,"iceandfire:silver_ingot":1,"minecraft:crafting_table":5,"minecraft:wooden_pickaxe":1,"minecraft:birch_planks":32,"minecraft:stone_axe":1,"minecraft:oak_boat":1,"minecraft:shield":1,"minecraft:stick":12,"minecraft:iron_pickaxe":1,"minecraft:wooden_axe":1,"minecraft:stone_sword":1,"minecraft:diamond_chestplate":1},"minecraft:used":{"iceandfire:lectern":1,"minecraft:stone_sword":64,"minecraft:spruce_slab":1,"minecraft:spruce_planks":1,"minecraft:chest":2,"minecraft:shield":16,"medieval_craft_weapons:sword_1":483,"medieval_craft_weapons:mighty_stick":21,"minecraft:cooked_chicken":15,"minecraft:oak_door":3,"minecraft:torch":1,"minecraft:dirt":102,"minecraft:stone_brick_slab":2,"minecraft:wooden_axe":69,"minecraft:birch_sapling":5,"ageofweapons:caveman_spear":2,"minecraft:stone_bricks":3,"minecraft:tripwire_hook":4,"medieval_craft_weapons:mace":63,"minecraft:furnace":3,"minecraft:oak_sapling":25,"tombstone:gift":2,"minecraft:cooked_beef":11,"minecraft:cooked_mutton":1,"minecraft:baked_potato":28,"minecraft:oak_planks":177,"minecraft:wooden_pickaxe":53,"minecraft:cracked_stone_bricks":3,"iceandfire:podium_spruce":1,"minecraft:oak_slab":33,"minecraft:crafting_table":6,"minecraft:cake":1,"minecraft:smoker":3,"minecraft:oak_log":15,"waystones:waystone":1,"minecraft:lever":1,"minecraft:apple":2,"minecraft:birch_slab":8,"minecraft:string":3,"minecraft:iron_pickaxe":21,"minecraft:stone_axe":101,"medieval_craft_weapons:pole_axe":90,"minecraft:cobblestone":12,"minecraft:yellow_bed":3,"alexsmobs:animal_dictionary":2,"minecraft:stripped_oak_log":1},"minecraft:custom":{"minecraft:mob_kills":131,"minecraft:interact_with_crafting_table":25,"minecraft:leave_game":2,"minecraft:time_since_death":325,"minecraft:climb_one_cm":1577,"minecraft:sprint_one_cm":213448,"minecraft:walk_one_cm":226280,"minecraft:damage_blocked_by_shield":414,"minecraft:drop":23,"minecraft:damage_dealt_absorbed":80,"minecraft:talked_to_villager":1,"minecraft:play_time":99325,"minecraft:deaths":6,"minecraft:sneak_time":13191,"minecraft:walk_under_water_one_cm":10873,"minecraft:jump":1448,"minecraft:walk_on_water_one_cm":21639,"minecraft:total_world_time":99325,"minecraft:interact_with_furnace":13,"minecraft:sleep_in_bed":1,"minecraft:waystone_activated":2,"minecraft:time_since_rest":160,"minecraft:damage_taken":4752,"minecraft:trigger_trapped_chest":3,"minecraft:damage_dealt":17681,"minecraft:swim_one_cm":34577,"minecraft:fly_one_cm":336715,"minecraft:open_chest":57,"minecraft:crouch_one_cm":42868,"tombstone:undead_killed":13,"minecraft:interact_with_smoker":8,"minecraft:fall_one_cm":32110},"minecraft:killed_by":{"medieval_craft_weapons:archer":3,"medieval_craft_weapons:knight":1,"medieval_craft_weapons:soldier":1},"minecraft:picked_up":{"minecraft:music_disc_strad":1,"minecraft:crafting_table":1,"medieval_craft_weapons:brigandine_chestplate":1,"minecraft:wooden_pickaxe":2,"medieval_craft_weapons:plate_boots":1,"minecraft:stone_brick_stairs":1,"medieval_craft_weapons:pole_axe":2,"minecraft:string":9,"minecraft:armor_stand":3,"minecraft:cracked_stone_bricks":3,"iceandfire:bestiary":2,"minecraft:gold_nugget":18,"minecraft:spruce_planks":1,"ageofweapons:caveman_spear":1,"minecraft:beef":16,"minecraft:spruce_slab":7,"minecraft:sugar_cane":20,"minecraft:chest":5,"minecraft:birch_sapling":6,"minecraft:furnace":1,"medieval_craft_weapons:mace":2,"minecraft:stick":2,"minecraft:torch":10,"medieval_craft_weapons:titanite_nugget_1":5,"minecraft:acacia_log":54,"minecraft:cake":1,"tombstone:grave_dust":2,"minecraft:rotten_flesh":4,"minecraft:mutton":10,"minecraft:cobblestone":38,"minecraft:white_wool":7,"minecraft:stripped_oak_log":1,"minecraft:birch_log":12,"minecraft:tripwire_hook":4,"minecraft:birch_slab":1,"minecraft:jungle_log":8,"minecraft:leather":8,"minecraft:smoker":1,"minecraft:oak_log":80,"minecraft:yellow_bed":3,"minecraft:gunpowder":2,"medieval_craft_weapons:plate_chestplate":2,"minecraft:dirt":107,"minecraft:apple":2,"minecraft:stone_bricks":11,"iceandfire:pixie_jar_empty":1,"medieval_craft_weapons:greathelmet_helmet":1,"minecraft:wheat_seeds":3,"minecraft:iron_ingot":8,"minecraft:oak_planks":45,"medieval_craft_weapons:sword_1":4,"minecraft:oak_slab":18,"iceandfire:copper_nugget":14,"iceandfire:podium_spruce":1,"medieval_craft_weapons:plate_leggings":2,"minecraft:stone_brick_slab":2,"medieval_craft_weapons:plate_helmet":2,"minecraft:spruce_log":24,"minecraft:spider_eye":2,"minecraft:dark_oak_log":40,"alexsmobs:animal_dictionary":1,"minecraft:lever":1,"iceandfire:lectern":1,"waystones:waystone":1,"minecraft:crossbow":1,"minecraft:oak_sapling":28,"iceandfire:silver_nugget":10,"minecraft:ender_pearl":1}},"DataVersion":3465}