{"stats":{"minecraft:broken":{"medieval_craft_weapons:mighty_stick":1},"minecraft:dropped":{"minecraft:wheat_seeds":3,"alexsmobs:gazelle_horn":2,"minecraft:rotten_flesh":6,"minecraft:light_gray_wool":1,"iceandfire:fire_lily":1,"iceandfire:graveyard_soil":1,"minecraft:dirt":25,"biomesoplenty:wilted_lily":4,"minecraft:wooden_pickaxe":2},"minecraft:killed_by":{"alexsmobs:crocodile":2,"medieval_craft_weapons:heavyknight":1,"iceandfire:ghost":2},"minecraft:crafted":{"minecraft:cooked_beef":7,"minecraft:oak_planks":64,"minecraft:stone_shovel":1,"minecraft:crafting_table":2,"minecraft:wooden_pickaxe":1,"comforts:sleeping_bag_white":1,"minecraft:cooked_chicken":3,"minecraft:furnace":1,"minecraft:stone_axe":2,"minecraft:cooked_mutton":7,"minecraft:air":0,"minecraft:shield":1,"minecraft:stick":12,"minecraft:stone_pickaxe":2,"minecraft:stone_sword":1,"minecraft:acacia_planks":20,"minecraft:smoker":1},"minecraft:mined":{"iceandfire:graveyard_soil":3,"iceandfire:silver_ore":1,"biomesoplenty:orange_sand":1,"minecraft:smoker":3,"biomesoplenty:desert_grass":4,"minecraft:crafting_table":2,"biomesoplenty:bush":3,"minecraft:grass_block":10,"minecraft:chest":3,"iceandfire:fire_lily":5,"minecraft:tall_grass":11,"biomesoplenty:wilted_lily":6,"biomesoplenty:dead_grass":3,"biomesoplenty:dune_grass":15,"minecraft:skeleton_skull":2,"minecraft:large_fern":1,"minecraft:birch_leaves":3,"minecraft:wither_rose":2,"minecraft:stone_brick_stairs":1,"minecraft:grass":26,"minecraft:coal_ore":6,"minecraft:oak_log":20,"minecraft:vine":3,"minecraft:iron_bars":2,"minecraft:dirt":21,"minecraft:cracked_stone_bricks":2,"minecraft:oak_leaves":1,"minecraft:stone":39,"minecraft:stone_bricks":2,"minecraft:mossy_stone_bricks":3},"minecraft:custom":{"minecraft:interact_with_smithing_table":1,"minecraft:mob_kills":24,"minecraft:interact_with_crafting_table":23,"minecraft:leave_game":8,"minecraft:time_since_death":7585,"minecraft:sleep_in_bed":2,"minecraft:climb_one_cm":4235,"minecraft:time_since_rest":6192,"minecraft:sprint_one_cm":171377,"minecraft:damage_taken":2445,"minecraft:walk_one_cm":150416,"minecraft:damage_blocked_by_shield":136,"minecraft:trigger_trapped_chest":2,"minecraft:drop":17,"minecraft:damage_dealt":3400,"minecraft:swim_one_cm":37543,"minecraft:fly_one_cm":401271,"minecraft:open_chest":13,"minecraft:crouch_one_cm":6768,"minecraft:play_time":74731,"tombstone:undead_killed":6,"minecraft:deaths":5,"minecraft:sneak_time":2264,"minecraft:walk_under_water_one_cm":17184,"minecraft:jump":1504,"minecraft:walk_on_water_one_cm":19286,"minecraft:total_world_time":74731,"minecraft:interact_with_smoker":11,"minecraft:fall_one_cm":38901},"minecraft:killed":{"alexsmobs:hummingbird":1,"minecraft:sheep":5,"minecraft:skeleton":3,"alexsmobs:crocodile":2,"minecraft:zombie":2,"iceandfire:ghost":1,"minecraft:chicken":3,"alexsmobs:gazelle":2,"medieval_craft_weapons:heavyknight":1,"minecraft:cow":3},"minecraft:used":{"minecraft:cooked_mutton":4,"minecraft:moss_carpet":4,"minecraft:birch_planks":7,"minecraft:baked_potato":7,"minecraft:stone_pickaxe":22,"minecraft:stone_shovel":31,"minecraft:oak_planks":4,"minecraft:shield":6,"minecraft:wooden_pickaxe":45,"minecraft:chainmail_helmet":1,"medieval_craft_weapons:sword_1":11,"medieval_craft_weapons:mighty_stick":5,"minecraft:leather_boots":1,"minecraft:cooked_chicken":1,"minecraft:iron_chestplate":1,"minecraft:white_wool":1,"minecraft:dirt":3,"minecraft:crafting_table":3,"minecraft:allium":1,"minecraft:smoker":3,"medieval_craft_weapons:lance":3,"medieval_craft_weapons:vikingsword":94,"minecraft:stone_axe":19,"minecraft:cobblestone":16,"minecraft:oak_sapling":2,"comforts:sleeping_bag_white":2,"tombstone:gift":2,"alexsmobs:animal_dictionary":1,"iceandfire:fire_lily":1,"minecraft:cooked_beef":7},"minecraft:picked_up":{"minecraft:crafting_table":2,"minecraft:allium":1,"minecraft:feather":4,"minecraft:chicken":3,"iceandfire:fire_lily":5,"minecraft:leather":3,"minecraft:wooden_pickaxe":2,"minecraft:smoker":3,"minecraft:birch_planks":16,"minecraft:wither_rose":2,"minecraft:oak_log":20,"minecraft:string":2,"alexsmobs:gazelle_horn":2,"minecraft:dirt":28,"minecraft:moss_carpet":4,"minecraft:iron_leggings":1,"minecraft:bone":6,"iceandfire:graveyard_soil":1,"minecraft:wheat_seeds":4,"comforts:sleeping_bag_white":2,"minecraft:beef":7,"minecraft:light_gray_wool":1,"minecraft:chest":3,"minecraft:oak_planks":1,"biomesoplenty:toadstool":1,"minecraft:iron_boots":1,"minecraft:egg":2,"minecraft:stick":4,"biomesoplenty:wilted_lily":4,"medieval_craft_weapons:lance":1,"alexsmobs:crocodile_scute":2,"minecraft:arrow":6,"minecraft:rotten_flesh":6,"medieval_craft_weapons:mighty_stick":2,"minecraft:oak_sapling":4,"medieval_craft_weapons:vikingsword":1,"iceandfire:raw_silver":1,"minecraft:white_wool":4,"minecraft:mutton":7,"minecraft:iron_bars":2,"minecraft:coal":9,"minecraft:skeleton_skull":2,"biomesoplenty:orange_sand":1,"minecraft:cobblestone":41}},"DataVersion":3465}