{"stats":{"minecraft:killed":{"minecraft:spider":6,"medieval_craft_weapons:archer":13,"medieval_craft_weapons:knight":26,"minecraft:horse":1,"minecraft:skeleton":1,"medieval_craft_weapons:soldier":44,"alexsmobs:straddler":1,"minecraft:drowned":2,"minecraft:magma_cube":1,"iceandfire:cyclops":1,"minecraft:zombie_villager":1,"minecraft:creeper":1,"minecraft:sheep":7,"minecraft:zombie":10,"iceandfire:ghost":9,"minecraft:ghast":2,"minecraft:wither_skeleton":5,"minecraft:blaze":6,"minecraft:enderman":1,"minecraft:cow":8,"medieval_craft_weapons:heavyknight":7},"minecraft:broken":{"medieval_craft_weapons:mace":2,"minecraft:diamond_helmet":1,"minecraft:shield":1,"medieval_craft_weapons:sword_1":1,"minecraft:wooden_axe":1},"minecraft:mined":{"minecraft:dark_oak_planks":4,"minecraft:spruce_planks":11,"minecraft:nether_brick_wall":1,"iceandfire:copper_pile":2,"biomesoplenty:brimstone":1,"minecraft:obsidian":3,"minecraft:nether_bricks":1,"minecraft:grass_block":82,"iceandfire:lectern":1,"minecraft:birch_slab":1,"minecraft:large_fern":2,"minecraft:furnace":1,"minecraft:fire":52,"minecraft:nether_brick_stairs":2,"minecraft:enchanting_table":1,"biomesoplenty:high_grass":7,"iceandfire:gold_pile":12,"minecraft:stripped_oak_log":1,"biomesoplenty:rose_quartz_cluster":1,"minecraft:stone":48,"iceandfire:podium_spruce":1,"minecraft:spruce_slab":7,"minecraft:tripwire":6,"minecraft:cake":1,"iceandfire:pixie_jar_empty":1,"minecraft:oak_slab":12,"minecraft:brown_mushroom":1,"minecraft:glass_pane":5,"minecraft:chiseled_nether_bricks":1,"minecraft:smoker":1,"minecraft:stone_brick_slab":3,"biomesoplenty:brimstone_fumarole":2,"minecraft:crafting_table":2,"minecraft:torch":1,"minecraft:chest":5,"biomesoplenty:high_grass_plant":3,"minecraft:tall_grass":6,"minecraft:cobblestone":8,"minecraft:oak_planks":46,"minecraft:sugar_cane":8,"minecraft:wall_torch":6,"minecraft:skeleton_skull":2,"minecraft:birch_log":12,"minecraft:lilac":2,"minecraft:stone_brick_stairs":2,"minecraft:yellow_bed":3,"minecraft:wither_rose":1,"minecraft:grass":42,"minecraft:oak_log":79,"iceandfire:silver_pile":3,"minecraft:dirt":66,"minecraft:sand":6,"minecraft:cobweb":1,"minecraft:cracked_stone_bricks":4,"minecraft:tripwire_hook":2,"minecraft:stone_bricks":22,"minecraft:netherrack":4,"minecraft:mossy_stone_bricks":1,"minecraft:oak_leaves":11},"minecraft:dropped":{"minecraft:iron_ingot":4,"minecraft:wheat_seeds":5,"minecraft:oak_log":5,"minecraft:diamond_leggings":1,"minecraft:crossbow":1,"minecraft:cracked_stone_bricks":1,"minecraft:nether_brick_wall":1,"minecraft:chainmail_helmet":1,"minecraft:ink_sac":3,"minecraft:torch":1,"medieval_craft_weapons:plate_chestplate":1,"medieval_craft_weapons:greathelmet_helmet":1,"minecraft:gold_nugget":26,"minecraft:wither_rose":1,"minecraft:white_wool":2,"minecraft:stone_brick_slab":1,"medieval_craft_weapons:sword_1":4,"minecraft:stone_sword":1,"alexsmobs:animal_dictionary":1,"medieval_craft_weapons:plate_leggings":1,"minecraft:rotten_flesh":5,"minecraft:shears":1,"minecraft:gunpowder":2,"medieval_craft_weapons:mighty_stick":1,"minecraft:mossy_stone_bricks":1,"iceandfire:bestiary":1,"minecraft:leather_boots":1,"minecraft:oak_sapling":11,"minecraft:leather_leggings":1,"minecraft:stone_bricks":12,"minecraft:diamond_boots":1,"minecraft:basalt":1,"minecraft:wooden_pickaxe":3},"minecraft:crafted":{"minecraft:oak_door":3,"minecraft:oak_planks":528,"medieval_craft_weapons:pole_axe":1,"minecraft:birch_slab":42,"minecraft:furnace":3,"minecraft:cooked_mutton":10,"minecraft:glass":6,"ageofweapons:caveman_spear":1,"minecraft:diamond_leggings":2,"tombstone:grave_key":1,"minecraft:diamond_boots":1,"medieval_craft_weapons:mighty_stick":1,"minecraft:dark_oak_planks":224,"minecraft:golden_boots":1,"minecraft:smoker":1,"minecraft:cooked_beef":11,"minecraft:glass_bottle":6,"minecraft:oak_slab":18,"sophisticatedbackpacks:backpack":1,"iceandfire:silver_ingot":1,"minecraft:crafting_table":8,"minecraft:wooden_pickaxe":1,"minecraft:birch_planks":32,"minecraft:stone_axe":1,"minecraft:air":0,"minecraft:oak_boat":1,"minecraft:diamond_pickaxe":1,"minecraft:golden_apple":1,"minecraft:shield":2,"minecraft:stick":20,"minecraft:iron_pickaxe":1,"minecraft:wooden_axe":1,"minecraft:stone_sword":1,"minecraft:gold_ingot":8,"minecraft:diamond_chestplate":1},"minecraft:used":{"iceandfire:lectern":1,"minecraft:stone_sword":64,"biomesoplenty:brimstone":1,"minecraft:flint_and_steel":1,"minecraft:spruce_slab":2,"minecraft:chest":4,"minecraft:spruce_planks":1,"minecraft:shield":73,"medieval_craft_weapons:sword_1":564,"medieval_craft_weapons:mighty_stick":21,"minecraft:cooked_chicken":50,"minecraft:netherrack":21,"minecraft:oak_door":3,"minecraft:torch":1,"minecraft:dirt":142,"iceandfire:copper_sword":25,"minecraft:nether_bricks":1,"aquaculture:synodontis":1,"minecraft:obsidian":8,"minecraft:dark_oak_planks":149,"minecraft:stone_brick_slab":2,"minecraft:wooden_axe":69,"minecraft:birch_sapling":6,"minecraft:brick_stairs":1,"ageofweapons:caveman_spear":2,"minecraft:stone_bricks":11,"minecraft:tripwire_hook":4,"minecraft:bow":29,"medieval_craft_weapons:mace":63,"minecraft:oak_sapling":32,"minecraft:furnace":4,"tombstone:gift":4,"minecraft:egg":1,"minecraft:cooked_beef":11,"minecraft:cooked_mutton":6,"minecraft:cobblestone_stairs":1,"minecraft:baked_potato":36,"minecraft:oak_planks":295,"minecraft:wooden_pickaxe":53,"minecraft:chiseled_nether_bricks":1,"minecraft:cracked_stone_bricks":3,"minecraft:white_wool":1,"minecraft:golden_apple":2,"iceandfire:podium_spruce":1,"minecraft:oak_slab":33,"minecraft:crafting_table":9,"minecraft:shears":5,"minecraft:cake":1,"minecraft:smoker":3,"minecraft:oak_log":15,"waystones:waystone":1,"minecraft:lever":1,"minecraft:diamond_pickaxe":19,"minecraft:apple":2,"minecraft:dark_oak_log":4,"minecraft:birch_slab":8,"minecraft:iron_pickaxe":54,"minecraft:string":8,"medieval_craft_weapons:greatsword":35,"minecraft:stone_axe":101,"medieval_craft_weapons:pole_axe":97,"minecraft:cobblestone":12,"minecraft:cooked_porkchop":4,"minecraft:yellow_bed":3,"alexsmobs:animal_dictionary":2,"minecraft:stripped_oak_log":1},"minecraft:custom":{"minecraft:interact_with_anvil":1,"minecraft:mob_kills":160,"minecraft:interact_with_crafting_table":35,"minecraft:leave_game":10,"minecraft:time_since_death":1051,"minecraft:climb_one_cm":1781,"minecraft:sprint_one_cm":476704,"minecraft:walk_one_cm":409325,"minecraft:damage_blocked_by_shield":874,"minecraft:drop":51,"minecraft:damage_dealt_absorbed":80,"minecraft:talked_to_villager":1,"minecraft:play_time":192469,"minecraft:sneak_time":16965,"minecraft:deaths":14,"minecraft:walk_under_water_one_cm":50751,"minecraft:jump":3602,"minecraft:walk_on_water_one_cm":47162,"minecraft:total_world_time":192469,"minecraft:interact_with_furnace":18,"minecraft:sleep_in_bed":3,"minecraft:time_since_rest":1,"minecraft:waystone_activated":3,"minecraft:damage_taken":10180,"minecraft:damage_absorbed":79,"minecraft:trigger_trapped_chest":7,"minecraft:damage_dealt":25316,"minecraft:swim_one_cm":155518,"minecraft:fly_one_cm":945025,"minecraft:open_chest":153,"minecraft:crouch_one_cm":54193,"tombstone:undead_killed":28,"minecraft:interact_with_smoker":8,"minecraft:fall_one_cm":93493},"minecraft:killed_by":{"iceandfire:cyclops":2,"medieval_craft_weapons:archer":3,"medieval_craft_weapons:knight":1,"medieval_craft_weapons:soldier":1,"iceandfire:fire_dragon":4},"minecraft:picked_up":{"minecraft:crafting_table":1,"minecraft:music_disc_strad":1,"medieval_craft_weapons:brigandine_chestplate":1,"aquaculture:synodontis":1,"iceandfire:witherbone":4,"minecraft:leather_leggings":1,"minecraft:brown_mushroom":2,"minecraft:wooden_pickaxe":2,"minecraft:wither_rose":1,"medieval_craft_weapons:plate_boots":1,"minecraft:stone_brick_stairs":1,"medieval_craft_weapons:pole_axe":2,"minecraft:string":16,"minecraft:red_bed":1,"minecraft:armor_stand":3,"biomesoplenty:brimstone":1,"minecraft:cracked_stone_bricks":4,"iceandfire:bestiary":2,"minecraft:gold_nugget":124,"minecraft:spruce_planks":1,"ageofweapons:caveman_spear":1,"minecraft:beef":16,"minecraft:spruce_slab":8,"minecraft:sugar_cane":20,"minecraft:chest":5,"minecraft:birch_sapling":7,"minecraft:furnace":1,"minecraft:egg":1,"medieval_craft_weapons:mace":2,"minecraft:stick":13,"minecraft:acacia_log":54,"minecraft:torch":14,"medieval_craft_weapons:titanite_nugget_1":5,"minecraft:cake":1,"tombstone:grave_dust":8,"minecraft:chiseled_nether_bricks":1,"minecraft:dark_oak_planks":4,"minecraft:arrow":28,"minecraft:rotten_flesh":9,"biomesoplenty:rose_quartz_chunk":2,"minecraft:nether_bricks":1,"minecraft:shears":1,"minecraft:blaze_rod":2,"minecraft:nether_brick_wall":1,"minecraft:brick_stairs":1,"minecraft:obsidian":3,"minecraft:mutton":11,"minecraft:skeleton_skull":2,"minecraft:white_wool":10,"minecraft:cobblestone":46,"medieval_craft_weapons:greatsword":1,"minecraft:stripped_oak_log":1,"minecraft:birch_log":12,"minecraft:enchanting_table":1,"minecraft:basalt":1,"minecraft:tripwire_hook":4,"minecraft:birch_slab":1,"minecraft:jungle_log":8,"minecraft:leather":8,"minecraft:smoker":1,"minecraft:oak_log":124,"iceandfire:ectoplasm":1,"minecraft:yellow_bed":3,"minecraft:gunpowder":2,"minecraft:cobblestone_stairs":1,"medieval_craft_weapons:plate_chestplate":2,"minecraft:dirt":146,"minecraft:bone":5,"minecraft:apple":3,"minecraft:stone_bricks":23,"iceandfire:pixie_jar_empty":1,"medieval_craft_weapons:greathelmet_helmet":1,"minecraft:wheat_seeds":7,"minecraft:iron_ingot":8,"minecraft:mossy_stone_bricks":1,"minecraft:oak_planks":45,"minecraft:ghast_tear":1,"minecraft:book":3,"medieval_craft_weapons:sword_1":4,"minecraft:oak_slab":18,"iceandfire:copper_nugget":14,"iceandfire:podium_spruce":1,"medieval_craft_weapons:plate_leggings":2,"minecraft:stone_brick_slab":3,"minecraft:sand":6,"minecraft:nether_brick_stairs":2,"minecraft:ink_sac":3,"medieval_craft_weapons:plate_helmet":2,"minecraft:spruce_log":24,"minecraft:spider_eye":4,"minecraft:dark_oak_log":40,"alexsmobs:animal_dictionary":1,"iceandfire:lectern":1,"minecraft:lever":1,"waystones:waystone":1,"minecraft:crossbow":1,"minecraft:oak_sapling":46,"minecraft:netherrack":21,"iceandfire:silver_nugget":10,"minecraft:ender_pearl":1}},"DataVersion":3465}