{"stats":{"minecraft:broken":{"minecraft:wooden_axe":1,"apocalypsenow:baseball_bat":1},"minecraft:custom":{"minecraft:interact_with_furnace":1,"lootr:looted_stat":7,"minecraft:mob_kills":33,"minecraft:interact_with_crafting_table":8,"minecraft:leave_game":3,"minecraft:time_since_death":4636,"minecraft:sleep_in_bed":1,"minecraft:climb_one_cm":626,"minecraft:time_since_rest":4683,"minecraft:sprint_one_cm":132546,"minecraft:damage_taken":1387,"minecraft:walk_one_cm":185643,"minecraft:drop":8,"minecraft:damage_dealt":3033,"minecraft:swim_one_cm":2143,"minecraft:freezer_opened":3,"minecraft:fly_one_cm":124953,"minecraft:player_kills":1,"minecraft:open_chest":4,"minecraft:crouch_one_cm":10977,"minecraft:play_time":73019,"minecraft:deaths":3,"minecraft:sneak_time":2969,"minecraft:walk_under_water_one_cm":2988,"minecraft:jump":625,"minecraft:walk_on_water_one_cm":4899,"minecraft:total_world_time":73019,"minecraft:fall_one_cm":12820},"minecraft:picked_up":{"minecraft:wooden_axe":1,"minecraft:leather_chestplate":1,"tac:round45":6,"minecraft:crafting_table":1,"apocalypsenow:peach_juice":3,"apocalypsenow:canned_melon":4,"apocalypsenow:coffee":7,"immersiveengineering:plate_duroplast":2,"minecraft:leather":27,"apocalypsenow:orange_juice":9,"contenttweaker:rubber":2,"minecraft:oak_log":6,"create:bar_of_chocolate":4,"create:blaze_burner":1,"apocalypsenow:construction_chestplate":2,"minecraft:paper":15,"minecraft:string":62,"minecraft:dirt":5,"apocalypsenow:canned_tomatos":2,"create:sweet_roll":6,"embellishcraft:gneiss_large_bricks_wall":2,"tac:m1911":1,"minecraft:leather_boots":1,"minecraft:compass":1,"minecraft:bone":24,"farmersdelight:cooking_pot":1,"minecraft:apple":1,"minecraft:stone_bricks":6,"farmersdelight:fried_rice":3,"minecraft:stonecutter":1,"minecraft:wheat_seeds":4,"apocalypsenow:money":7,"minecraft:iron_ingot":5,"apocalypsenow:crowbar":1,"tac:9mm_round":18,"minecraft:melon_slice":64,"minecraft:chest":1,"minecraft:furnace":1,"minecraft:stick":2,"embellishcraft:smooth_marble":4,"minecraft:sweet_berries":2,"chalk:red_chalk":1,"apocalypsenow:hawkbill_machete":1,"minecraft:torch":15,"apocalypsenow:canned_pork":11,"apocalypsenow:canned_fish":4,"chalk:blue_chalk":1,"apocalypsenow:dagger":1,"apocalypsenow:coke":3,"farmersdelight:melon_popsicle":1,"apocalypsenow:porpsi":7,"biomesoplenty:mahogany_log":28,"minecraft:rotten_flesh":15,"biomesoplenty:mahogany_sapling":1,"minecraft:gold_ingot":2,"naturescompass:naturescompass":1,"create:veridium":1,"farmersdelight:melon_juice":9,"minecraft:oak_sapling":1,"minecraft:coal":6,"rocks:cobblestone_splitter":9,"minecraft:cobblestone":7},"minecraft:used":{"biomesoplenty:mahogany_planks":98,"minecraft:stone_sword":16,"minecraft:glass_bottle":1,"minecraft:stone_pickaxe":1,"minecraft:oak_planks":24,"minecraft:wooden_pickaxe":27,"farmersdelight:melon_juice":2,"minecraft:torch":11,"minecraft:dirt":3,"apocalypsenow:apple_juice":1,"minecraft:crafting_table":3,"embellishcraft:gneiss_large_bricks_wall":1,"minecraft:wooden_axe":12,"farmersdelight:honey_cookie":1,"farmersdelight:apple_cider":1,"minecraft:apple":4,"minecraft:bread":2,"apocalypsenow:baseball_bat":33,"minecraft:stone_bricks":6,"biomesoplenty:mahogany_sapling":1,"chalk:red_chalk":1,"minecraft:cobblestone":3,"minecraft:potion":5,"minecraft:sweet_berries":5,"minecraft:furnace":1,"minecraft:oak_sapling":1,"apocalypsenow:hawkbill_machete":48},"minecraft:killed_by":{"minecraft:zombie":2,"zombie_extreme:infected_police":1},"minecraft:dropped":{"minecraft:wheat_seeds":2,"minecraft:glass_bottle":1,"minecraft:rotten_flesh":1,"patchouli:guide_book":1,"minecraft:wooden_axe":1,"tac:9mm_round":10,"minecraft:bone":2},"minecraft:mined":{"minecraft:dark_oak_planks":1,"lootr:lootr_chest":1,"minecraft:crafting_table":1,"createbigcannons:traffic_cone":3,"minecraft:grass_block":2,"minecraft:melon":6,"embellishcraft:gneiss_large_bricks_wall":2,"minecraft:cobblestone":1,"rocks:rock":9,"minecraft:furnace":1,"create:vertical_framed_glass":1,"biomesoplenty:mahogany_log":3,"minecraft:sweet_berry_bush":1,"rocks:oak_stick":1,"minecraft:grass":5,"embellishcraft:smooth_marble":2,"create:vertical_framed_glass_pane":2,"rocks:birch_stick":1,"minecraft:dirt":3,"minecraft:cobweb":1,"minecraft:stone":6,"minecraft:stonecutter":1,"minecraft:stone_bricks":6,"create:veridium":1,"minecraft:oak_leaves":2,"create:dark_oak_window_pane":10,"create_central_kitchen:blaze_stove":1,"minecraft:fern":16,"farmersdelight:cooking_pot":1},"minecraft:crafted":{"sophisticatedbackpacks:backpack":1,"minecraft:air":140,"minecraft:stick":4,"minecraft:wooden_axe":1,"minecraft:stone_sword":1},"minecraft:killed":{"zombie_extreme:crawler":1,"minecraft:husk":5,"hordes:zombie_player":1,"undead_revamp2:the_moonflower":1,"undead_revamp2:thesmoker":2,"undead_revamp2:bomber":2,"minecraft:zombie":12,"zombie_extreme:infected_police":2}},"DataVersion":2975}