{"stats":{"minecraft:broken":{"minecraft:diamond_chestplate":1,"medieval_craft_weapons:mighty_stick":1,"medieval_craft_weapons:plate_boots":1,"medieval_craft_weapons:plate_helmet":1,"medieval_craft_weapons:plate_leggings":1},"minecraft:dropped":{"biomesoplenty:mahogany_log":1,"medieval_craft_weapons:legionary_chestplate":2,"minecraft:birch_planks":9,"minecraft:wheat_seeds":8,"minecraft:oak_log":9,"minecraft:baked_potato":1,"minecraft:diamond":3,"minecraft:glow_berries":30,"minecraft:iron_helmet":1,"medieval_craft_weapons:plate_helmet":1,"minecraft:chest_minecart":3,"minecraft:apple":1,"minecraft:jungle_planks":172,"medieval_craft_weapons:legionary_helmet":3,"minecraft:red_wool":8,"minecraft:chainmail_helmet":1,"minecraft:coal":1,"minecraft:emerald":1,"iceandfire:graveyard_soil":1,"minecraft:item_frame":1,"minecraft:stick":4,"minecraft:dirt":57,"minecraft:mutton":1,"medieval_craft_weapons:plate_chestplate":2,"biomesoplenty:wilted_lily":4,"minecraft:lily_pad":1,"minecraft:armor_stand":4,"biomesoplenty:toadstool":1,"minecraft:stone_axe":2,"minecraft:cooked_chicken":70,"alexsmobs:gazelle_horn":2,"medieval_craft_weapons:plate_boots":1,"medieval_craft_weapons:plate_leggings":1,"minecraft:rotten_flesh":11,"minecraft:light_gray_wool":1,"iceandfire:fire_lily":1,"minecraft:shears":1,"minecraft:cobblestone_slab":1,"minecraft:iron_chestplate":2,"minecraft:leather_boots":1,"minecraft:oak_sapling":1,"minecraft:spider_eye":2,"medieval_craft_weapons:titanite_nugget_1":1,"minecraft:iron_bars":2,"minecraft:stone_pickaxe":1,"minecraft:wooden_pickaxe":2,"minecraft:bread":6},"minecraft:killed_by":{"minecraft:creeper":1,"medieval_craft_weapons:heavyknight":1,"iceandfire:gorgon":1,"alexsmobs:crocodile":2,"iceandfire:lightning_dragon":1,"iceandfire:ghost":2,"medieval_craft_weapons:knight":1,"medieval_craft_weapons:soldier":2,"iceandfire:fire_dragon":1},"minecraft:crafted":{"minecraft:oak_planks":124,"minecraft:stone_shovel":1,"comforts:sleeping_bag_white":1,"minecraft:cooked_chicken":3,"iceandfire:dragon_stick":1,"minecraft:furnace":1,"minecraft:bookshelf":3,"minecraft:cooked_mutton":7,"minecraft:diamond_leggings":1,"minecraft:iron_boots":1,"minecraft:stone_pickaxe":2,"minecraft:smoker":1,"minecraft:cooked_beef":7,"minecraft:oak_slab":12,"minecraft:diamond_sword":1,"minecraft:diamond_axe":1,"minecraft:crafting_table":6,"minecraft:wooden_pickaxe":1,"minecraft:iron_helmet":1,"minecraft:birch_planks":100,"minecraft:stone_axe":2,"minecraft:air":0,"minecraft:jungle_planks":236,"minecraft:diamond_pickaxe":1,"minecraft:shield":2,"minecraft:stick":24,"minecraft:stone_sword":1,"minecraft:iron_leggings":1,"minecraft:acacia_planks":20,"medieval_craft_weapons:legionary_helmet":2,"minecraft:diamond_chestplate":1},"minecraft:mined":{"iceandfire:graveyard_soil":3,"iceandfire:silver_ore":1,"minecraft:mossy_cobblestone":1,"minecraft:jungle_leaves":1,"biomesoplenty:desert_grass":4,"minecraft:infested_cobblestone":3,"biomesoplenty:bush":3,"minecraft:grass_block":14,"biomesoplenty:wilted_lily":6,"biomesoplenty:dead_grass":3,"minecraft:sandstone":6,"biomesoplenty:dune_grass":15,"minecraft:large_fern":1,"minecraft:fire":7,"minecraft:anvil":1,"biomesoplenty:high_grass":1,"minecraft:vine":5,"minecraft:iron_bars":6,"minecraft:stone":42,"minecraft:tripwire":2,"minecraft:spruce_slab":2,"minecraft:glass_pane":6,"minecraft:red_wool":116,"minecraft:smoker":3,"biomesoplenty:orange_sand":1,"minecraft:stone_brick_slab":1,"minecraft:crafting_table":2,"iceandfire:ghost_chest":1,"minecraft:chest":4,"biomesoplenty:high_grass_plant":1,"iceandfire:fire_lily":5,"minecraft:tall_grass":11,"minecraft:cobblestone":13,"minecraft:oak_planks":6,"minecraft:wall_torch":1,"minecraft:skeleton_skull":4,"minecraft:spruce_stairs":1,"minecraft:birch_planks":3,"minecraft:wheat":2,"minecraft:birch_leaves":6,"minecraft:stone_brick_stairs":3,"minecraft:wither_rose":3,"minecraft:infested_mossy_stone_bricks":1,"minecraft:grass":28,"minecraft:coal_ore":6,"minecraft:oak_log":36,"minecraft:dirt":23,"minecraft:cobweb":9,"minecraft:cracked_stone_bricks":2,"minecraft:stone_bricks":2,"minecraft:mossy_stone_bricks":5,"minecraft:fern":2,"minecraft:oak_leaves":8},"minecraft:custom":{"minecraft:interact_with_smithing_table":1,"minecraft:inspect_dropper":4,"minecraft:interact_with_anvil":1,"minecraft:mob_kills":88,"minecraft:interact_with_crafting_table":33,"minecraft:eat_cake_slice":4,"minecraft:leave_game":12,"minecraft:time_since_death":14372,"minecraft:climb_one_cm":9154,"minecraft:sprint_one_cm":350808,"minecraft:walk_one_cm":377368,"minecraft:damage_blocked_by_shield":1035,"minecraft:drop":79,"minecraft:talked_to_villager":1,"minecraft:raid_win":1,"minecraft:play_time":171535,"minecraft:deaths":12,"minecraft:sneak_time":9637,"minecraft:walk_under_water_one_cm":28033,"minecraft:jump":2885,"minecraft:walk_on_water_one_cm":33134,"minecraft:total_world_time":171535,"tombstone:raider_killed":1,"minecraft:tune_noteblock":1,"minecraft:sleep_in_bed":4,"minecraft:time_since_rest":13684,"minecraft:damage_taken":2147483647,"minecraft:trigger_trapped_chest":4,"minecraft:damage_dealt":14776,"minecraft:swim_one_cm":76061,"minecraft:fly_one_cm":748200,"minecraft:player_kills":1,"minecraft:open_chest":64,"minecraft:crouch_one_cm":31075,"tombstone:undead_killed":14,"minecraft:interact_with_smoker":11,"minecraft:inspect_dispenser":2,"minecraft:fall_one_cm":80815},"minecraft:killed":{"alexsmobs:hummingbird":1,"iceandfire:gorgon":1,"minecraft:spider":1,"minecraft:vindicator":1,"medieval_craft_weapons:archer":7,"medieval_craft_weapons:knight":7,"minecraft:skeleton":3,"medieval_craft_weapons:soldier":20,"minecraft:chicken":3,"minecraft:silverfish":2,"medieval_craft_weapons:romanlegionary":11,"minecraft:sheep":6,"alexsmobs:crocodile":2,"minecraft:zombie":9,"iceandfire:ghost":1,"medieval_craft_weapons:romancenturion":2,"alexsmobs:gazelle":2,"medieval_craft_weapons:heavyknight":1,"minecraft:cow":3},"minecraft:used":{"minecraft:moss_carpet":4,"iceandfire:silver_sword":11,"minecraft:iron_bars":2,"minecraft:spruce_slab":1,"minecraft:stone_shovel":31,"minecraft:shield":37,"minecraft:iron_sword":5,"medieval_craft_weapons:sword_1":180,"alexsmobs:spawn_egg_laviathan":1,"medieval_craft_weapons:mighty_stick":5,"minecraft:cooked_chicken":3,"minecraft:iron_chestplate":1,"minecraft:torch":16,"minecraft:dirt":9,"minecraft:jungle_planks":9,"minecraft:spruce_stairs":1,"minecraft:allium":1,"medieval_craft_weapons:lance":3,"minecraft:stone_brick_slab":1,"minecraft:bookshelf":3,"minecraft:red_wool":27,"minecraft:iron_helmet":1,"minecraft:iron_boots":1,"medieval_craft_weapons:vikingsword":94,"alexsmobs:spawn_egg_stradpole":1,"minecraft:diamond_chestplate":1,"minecraft:bow":8,"minecraft:oak_sapling":2,"alexsmobs:spawn_egg_giant_squid":1,"tombstone:gift":4,"alexsmobs:spawn_egg_roadrunner":1,"comforts:sleeping_bag_white":2,"minecraft:cooked_beef":7,"minecraft:iron_leggings":1,"minecraft:cooked_mutton":4,"minecraft:mossy_stone_bricks":1,"alexsmobs:spawn_egg_comb_jelly":1,"medieval_craft_weapons:archer_spawn_egg":1,"alexsmobs:spawn_egg_warped_toad":1,"minecraft:birch_planks":81,"minecraft:stone_pickaxe":32,"minecraft:baked_potato":49,"minecraft:oak_planks":84,"minecraft:wooden_pickaxe":57,"minecraft:sandstone":6,"minecraft:chainmail_helmet":1,"minecraft:diamond_axe":6,"minecraft:leather_boots":1,"minecraft:white_wool":1,"minecraft:glow_item_frame":1,"minecraft:oak_slab":12,"minecraft:crafting_table":7,"alexsmobs:spawn_egg_dropbear":1,"minecraft:shears":116,"minecraft:cake":1,"minecraft:smoker":3,"minecraft:oak_log":2,"minecraft:diamond_pickaxe":18,"minecraft:stone_axe":49,"minecraft:diamond_sword":131,"minecraft:cobblestone":31,"alexsmobs:animal_dictionary":1,"iceandfire:fire_lily":1},"minecraft:picked_up":{"sophisticatedbackpacks:gold_backpack":1,"minecraft:chest_minecart":25,"medieval_craft_weapons:legionary_helmet":6,"minecraft:crafting_table":2,"minecraft:wheat":1,"minecraft:allium":1,"minecraft:anvil":1,"minecraft:chicken":3,"iceandfire:fire_lily":5,"minecraft:wooden_pickaxe":2,"minecraft:enchanted_book":5,"minecraft:wither_rose":3,"medieval_craft_weapons:plate_boots":2,"tombstone:scroll_of_preservation":1,"minecraft:stone_brick_stairs":1,"sophisticatedbackpacks:magnet_upgrade":1,"minecraft:item_frame":2,"alexsmobs:gazelle_horn":2,"minecraft:string":14,"minecraft:moss_carpet":4,"minecraft:iron_leggings":1,"minecraft:armor_stand":4,"minecraft:blackstone":3,"minecraft:activator_rail":23,"iceandfire:graveyard_soil":1,"minecraft:detector_rail":16,"comforts:sleeping_bag_white":2,"minecraft:beef":7,"minecraft:cobblestone_slab":1,"minecraft:spruce_slab":2,"minecraft:light_gray_wool":1,"minecraft:enchanted_golden_apple":1,"minecraft:chest":5,"iceandfire:dragonscales_gray":14,"minecraft:iron_boots":1,"minecraft:egg":2,"iceandfire:dragonbone":2,"iceandfire:ghost_chest":1,"minecraft:stick":6,"minecraft:sandstone":6,"minecraft:glow_item_frame":1,"minecraft:torch":220,"medieval_craft_weapons:titanite_nugget_1":3,"minecraft:spruce_stairs":1,"sophisticatedbackpacks:backpack":2,"biomesoplenty:wilted_lily":4,"medieval_craft_weapons:lance":1,"tombstone:grave_dust":1,"minecraft:redstone":29,"alexsmobs:crocodile_scute":2,"minecraft:arrow":6,"minecraft:rotten_flesh":11,"minecraft:beetroot_seeds":33,"medieval_craft_weapons:mighty_stick":2,"minecraft:shears":1,"tombstone:scroll_of_aquatic_life":1,"sophisticatedbackpacks:copper_backpack":2,"minecraft:gold_ingot":13,"minecraft:glow_berries":79,"minecraft:rail":210,"minecraft:mutton":8,"minecraft:white_wool":5,"minecraft:iron_bars":6,"minecraft:skeleton_skull":5,"biomesoplenty:orange_sand":1,"minecraft:cobblestone":55,"minecraft:feather":4,"minecraft:filled_map":3,"minecraft:leather":3,"minecraft:smoker":3,"minecraft:birch_planks":19,"minecraft:lily_pad":1,"minecraft:oak_log":46,"medieval_craft_weapons:plate_chestplate":2,"minecraft:lapis_lazuli":20,"minecraft:dirt":178,"minecraft:white_banner":1,"minecraft:name_tag":11,"minecraft:bone":7,"minecraft:apple":1,"minecraft:wheat_seeds":9,"minecraft:iron_ingot":9,"minecraft:cooked_chicken":22,"medieval_craft_weapons:gladius":2,"minecraft:mossy_stone_bricks":1,"minecraft:powered_rail":12,"minecraft:oak_planks":5,"biomesoplenty:toadstool":1,"medieval_craft_weapons:plate_leggings":2,"minecraft:stone_brick_slab":1,"minecraft:red_wool":315,"iceandfire:dragon_skull_fire":1,"medieval_craft_weapons:legionary_chestplate":2,"medieval_craft_weapons:plate_helmet":2,"minecraft:spider_eye":2,"minecraft:bundle":2,"biomesoplenty:mahogany_log":1,"minecraft:pumpkin_seeds":32,"tombstone:scroll_of_knowledge":1,"tombstone:familiar_stone":1,"minecraft:diamond":19,"minecraft:stone_axe":1,"iceandfire:silver_sword":1,"tombstone:tablet_of_recall":1,"minecraft:golden_apple":7,"minecraft:melon_seeds":23,"minecraft:emerald":2,"minecraft:bread":21,"medieval_craft_weapons:vikingsword":1,"iceandfire:gorgon_head":1,"tombstone:magic_scroll":3,"minecraft:oak_sapling":7,"minecraft:coal":54,"iceandfire:raw_silver":1}},"DataVersion":3465}