{"stats":{"minecraft:broken":{"medieval_craft_weapons:mighty_stick":1},"minecraft:dropped":{"minecraft:wheat_seeds":8,"minecraft:baked_potato":1,"minecraft:diamond":3,"medieval_craft_weapons:plate_helmet":1,"minecraft:apple":1,"minecraft:chainmail_helmet":1,"iceandfire:graveyard_soil":1,"minecraft:stick":4,"minecraft:dirt":25,"minecraft:mutton":1,"medieval_craft_weapons:plate_chestplate":2,"biomesoplenty:wilted_lily":4,"minecraft:armor_stand":4,"biomesoplenty:toadstool":1,"minecraft:stone_axe":1,"minecraft:cooked_chicken":6,"alexsmobs:gazelle_horn":2,"medieval_craft_weapons:plate_boots":1,"medieval_craft_weapons:plate_leggings":1,"minecraft:rotten_flesh":7,"minecraft:light_gray_wool":1,"iceandfire:fire_lily":1,"minecraft:iron_chestplate":1,"minecraft:leather_boots":1,"medieval_craft_weapons:titanite_nugget_1":1,"minecraft:stone_pickaxe":1,"minecraft:wooden_pickaxe":2},"minecraft:killed_by":{"medieval_craft_weapons:heavyknight":1,"alexsmobs:crocodile":2,"iceandfire:ghost":2,"medieval_craft_weapons:knight":1,"medieval_craft_weapons:soldier":2},"minecraft:crafted":{"minecraft:oak_planks":120,"minecraft:stone_shovel":1,"comforts:sleeping_bag_white":1,"minecraft:cooked_chicken":3,"minecraft:furnace":1,"minecraft:bookshelf":3,"minecraft:cooked_mutton":7,"minecraft:diamond_leggings":1,"minecraft:stone_pickaxe":2,"minecraft:smoker":1,"minecraft:cooked_beef":7,"minecraft:oak_slab":12,"minecraft:diamond_sword":1,"minecraft:diamond_axe":1,"minecraft:crafting_table":4,"minecraft:wooden_pickaxe":1,"minecraft:birch_planks":100,"minecraft:stone_axe":2,"minecraft:air":0,"minecraft:diamond_pickaxe":1,"minecraft:shield":1,"minecraft:stick":24,"minecraft:stone_sword":1,"minecraft:acacia_planks":20,"minecraft:diamond_chestplate":1},"minecraft:mined":{"iceandfire:graveyard_soil":3,"iceandfire:silver_ore":1,"biomesoplenty:desert_grass":4,"biomesoplenty:bush":3,"minecraft:grass_block":14,"biomesoplenty:wilted_lily":6,"biomesoplenty:dead_grass":3,"minecraft:sandstone":6,"biomesoplenty:dune_grass":15,"minecraft:large_fern":1,"minecraft:vine":3,"minecraft:iron_bars":2,"minecraft:stone":41,"minecraft:spruce_slab":2,"minecraft:glass_pane":2,"minecraft:smoker":3,"biomesoplenty:orange_sand":1,"minecraft:stone_brick_slab":1,"minecraft:crafting_table":2,"minecraft:chest":4,"iceandfire:fire_lily":5,"minecraft:tall_grass":11,"minecraft:cobblestone":10,"minecraft:oak_planks":6,"minecraft:wall_torch":1,"minecraft:skeleton_skull":2,"minecraft:spruce_stairs":1,"minecraft:wheat":2,"minecraft:birch_leaves":6,"minecraft:stone_brick_stairs":3,"minecraft:wither_rose":2,"minecraft:grass":28,"minecraft:coal_ore":6,"minecraft:oak_log":34,"minecraft:dirt":23,"minecraft:cracked_stone_bricks":2,"minecraft:stone_bricks":2,"minecraft:mossy_stone_bricks":3,"minecraft:oak_leaves":8},"minecraft:custom":{"minecraft:interact_with_smithing_table":1,"minecraft:mob_kills":63,"minecraft:interact_with_crafting_table":28,"minecraft:eat_cake_slice":4,"minecraft:leave_game":12,"minecraft:time_since_death":41282,"minecraft:climb_one_cm":6016,"minecraft:sprint_one_cm":252459,"minecraft:walk_one_cm":266169,"minecraft:damage_blocked_by_shield":885,"minecraft:drop":42,"minecraft:talked_to_villager":1,"minecraft:raid_win":1,"minecraft:play_time":123535,"minecraft:deaths":8,"minecraft:sneak_time":7335,"minecraft:walk_under_water_one_cm":18839,"minecraft:jump":2061,"minecraft:walk_on_water_one_cm":24569,"minecraft:total_world_time":123535,"tombstone:raider_killed":1,"minecraft:sleep_in_bed":3,"minecraft:time_since_rest":21159,"minecraft:damage_taken":4265,"minecraft:trigger_trapped_chest":2,"minecraft:damage_dealt":8490,"minecraft:swim_one_cm":37543,"minecraft:fly_one_cm":516628,"minecraft:open_chest":48,"minecraft:crouch_one_cm":24527,"tombstone:undead_killed":8,"minecraft:interact_with_smoker":11,"minecraft:fall_one_cm":54357},"minecraft:killed":{"alexsmobs:hummingbird":1,"minecraft:vindicator":1,"medieval_craft_weapons:archer":6,"medieval_craft_weapons:knight":7,"minecraft:skeleton":3,"medieval_craft_weapons:soldier":19,"minecraft:chicken":3,"minecraft:sheep":6,"alexsmobs:crocodile":2,"minecraft:zombie":4,"iceandfire:ghost":1,"alexsmobs:gazelle":2,"medieval_craft_weapons:heavyknight":1,"minecraft:cow":3},"minecraft:used":{"minecraft:moss_carpet":4,"minecraft:spruce_slab":1,"minecraft:stone_shovel":31,"minecraft:shield":27,"minecraft:iron_sword":5,"medieval_craft_weapons:sword_1":180,"medieval_craft_weapons:mighty_stick":5,"minecraft:cooked_chicken":3,"minecraft:iron_chestplate":1,"minecraft:dirt":9,"minecraft:spruce_stairs":1,"minecraft:allium":1,"medieval_craft_weapons:lance":3,"minecraft:stone_brick_slab":1,"minecraft:bookshelf":3,"medieval_craft_weapons:vikingsword":94,"minecraft:diamond_chestplate":1,"minecraft:bow":6,"minecraft:oak_sapling":2,"tombstone:gift":3,"comforts:sleeping_bag_white":2,"minecraft:cooked_beef":7,"minecraft:cooked_mutton":4,"minecraft:birch_planks":18,"minecraft:stone_pickaxe":32,"minecraft:baked_potato":26,"minecraft:oak_planks":80,"minecraft:wooden_pickaxe":57,"minecraft:sandstone":6,"minecraft:chainmail_helmet":1,"minecraft:leather_boots":1,"minecraft:white_wool":1,"minecraft:oak_slab":12,"minecraft:crafting_table":5,"minecraft:cake":1,"minecraft:smoker":3,"minecraft:stone_axe":49,"minecraft:cobblestone":28,"alexsmobs:animal_dictionary":1,"iceandfire:fire_lily":1},"minecraft:picked_up":{"minecraft:crafting_table":2,"minecraft:wheat":1,"minecraft:allium":1,"minecraft:chicken":3,"iceandfire:fire_lily":5,"minecraft:wooden_pickaxe":2,"minecraft:wither_rose":2,"medieval_craft_weapons:plate_boots":2,"minecraft:stone_brick_stairs":1,"alexsmobs:gazelle_horn":2,"minecraft:string":2,"minecraft:moss_carpet":4,"minecraft:iron_leggings":1,"minecraft:armor_stand":4,"iceandfire:graveyard_soil":1,"comforts:sleeping_bag_white":2,"minecraft:beef":7,"minecraft:spruce_slab":2,"minecraft:light_gray_wool":1,"minecraft:chest":5,"minecraft:iron_boots":1,"minecraft:egg":2,"minecraft:stick":4,"minecraft:sandstone":6,"minecraft:torch":6,"medieval_craft_weapons:titanite_nugget_1":2,"minecraft:spruce_stairs":1,"biomesoplenty:wilted_lily":4,"medieval_craft_weapons:lance":1,"alexsmobs:crocodile_scute":2,"minecraft:arrow":6,"minecraft:rotten_flesh":7,"medieval_craft_weapons:mighty_stick":2,"minecraft:mutton":8,"minecraft:white_wool":5,"minecraft:iron_bars":2,"minecraft:skeleton_skull":2,"biomesoplenty:orange_sand":1,"minecraft:cobblestone":52,"minecraft:feather":4,"minecraft:leather":3,"minecraft:smoker":3,"minecraft:birch_planks":16,"minecraft:oak_log":34,"medieval_craft_weapons:plate_chestplate":2,"minecraft:dirt":34,"minecraft:white_banner":1,"minecraft:bone":7,"minecraft:apple":1,"minecraft:wheat_seeds":9,"minecraft:cooked_chicken":22,"minecraft:oak_planks":5,"biomesoplenty:toadstool":1,"medieval_craft_weapons:plate_leggings":2,"minecraft:stone_brick_slab":1,"medieval_craft_weapons:plate_helmet":2,"minecraft:diamond":13,"medieval_craft_weapons:vikingsword":1,"minecraft:oak_sapling":6,"minecraft:coal":9,"iceandfire:raw_silver":1}},"DataVersion":3465}