{"stats":{"minecraft:killed":{"minecraft:zombie_villager":1,"medieval_craft_weapons:archer":12,"medieval_craft_weapons:knight":21,"minecraft:creeper":1,"medieval_craft_weapons:soldier":38,"minecraft:zombie":2,"minecraft:drowned":1,"medieval_craft_weapons:heavyknight":5,"minecraft:cow":8},"minecraft:broken":{"medieval_craft_weapons:mace":1,"minecraft:wooden_axe":1},"minecraft:mined":{"minecraft:oak_slab":12,"minecraft:spruce_planks":11,"minecraft:glass_pane":3,"minecraft:smoker":1,"minecraft:stone_brick_slab":2,"minecraft:crafting_table":1,"minecraft:torch":1,"minecraft:grass_block":50,"minecraft:chest":5,"minecraft:tall_grass":1,"minecraft:birch_slab":1,"minecraft:sugar_cane":8,"minecraft:oak_planks":19,"minecraft:wall_torch":5,"minecraft:furnace":1,"minecraft:birch_log":12,"minecraft:stone_brick_stairs":2,"minecraft:grass":5,"minecraft:oak_log":79,"minecraft:dirt":58,"minecraft:stone_bricks":6,"minecraft:stone":48,"minecraft:cake":1,"minecraft:oak_leaves":7,"minecraft:spruce_slab":7},"minecraft:dropped":{"medieval_craft_weapons:sword_1":3,"minecraft:wheat_seeds":1,"minecraft:oak_log":5,"minecraft:stone_sword":1,"alexsmobs:animal_dictionary":1,"medieval_craft_weapons:plate_leggings":1,"minecraft:diamond_leggings":1,"minecraft:crossbow":1,"minecraft:chainmail_helmet":1,"medieval_craft_weapons:mighty_stick":1,"minecraft:torch":1,"minecraft:leather_boots":1,"minecraft:diamond_boots":1,"minecraft:wooden_pickaxe":3},"minecraft:used":{"minecraft:cooked_mutton":1,"minecraft:stone_sword":64,"minecraft:baked_potato":11,"minecraft:spruce_slab":1,"minecraft:oak_planks":114,"minecraft:shield":13,"minecraft:chest":1,"minecraft:spruce_planks":1,"minecraft:wooden_pickaxe":53,"medieval_craft_weapons:sword_1":409,"medieval_craft_weapons:mighty_stick":21,"minecraft:cooked_chicken":9,"minecraft:dirt":102,"minecraft:oak_slab":33,"minecraft:crafting_table":6,"minecraft:cake":1,"minecraft:smoker":2,"minecraft:oak_log":4,"minecraft:stone_brick_slab":2,"minecraft:wooden_axe":69,"minecraft:apple":2,"minecraft:birch_slab":8,"minecraft:birch_sapling":5,"minecraft:iron_pickaxe":10,"ageofweapons:caveman_spear":2,"medieval_craft_weapons:pole_axe":13,"minecraft:stone_axe":101,"minecraft:cobblestone":12,"medieval_craft_weapons:mace":21,"minecraft:oak_sapling":25,"minecraft:furnace":1,"tombstone:gift":2,"alexsmobs:animal_dictionary":2,"minecraft:cooked_beef":11},"minecraft:crafted":{"minecraft:cooked_beef":11,"minecraft:oak_slab":18,"minecraft:oak_planks":276,"minecraft:crafting_table":5,"medieval_craft_weapons:pole_axe":1,"minecraft:wooden_pickaxe":1,"minecraft:birch_slab":42,"minecraft:furnace":2,"minecraft:birch_planks":32,"minecraft:stone_axe":1,"minecraft:cooked_mutton":1,"minecraft:oak_boat":1,"ageofweapons:caveman_spear":1,"minecraft:diamond_leggings":2,"minecraft:shield":1,"minecraft:stick":12,"minecraft:iron_pickaxe":1,"minecraft:wooden_axe":1,"minecraft:stone_sword":1,"minecraft:diamond_boots":1,"medieval_craft_weapons:mighty_stick":1,"minecraft:diamond_chestplate":1,"minecraft:smoker":1},"minecraft:custom":{"minecraft:interact_with_furnace":3,"minecraft:mob_kills":96,"minecraft:interact_with_crafting_table":20,"minecraft:leave_game":2,"minecraft:time_since_death":13696,"minecraft:climb_one_cm":1072,"minecraft:time_since_rest":13192,"minecraft:sprint_one_cm":130275,"minecraft:damage_taken":3547,"minecraft:walk_one_cm":137933,"minecraft:damage_blocked_by_shield":379,"minecraft:drop":19,"minecraft:damage_dealt":12322,"minecraft:damage_dealt_absorbed":80,"minecraft:swim_one_cm":30501,"minecraft:talked_to_villager":1,"minecraft:fly_one_cm":185032,"minecraft:open_chest":31,"minecraft:crouch_one_cm":41796,"minecraft:play_time":63325,"tombstone:undead_killed":4,"minecraft:deaths":5,"minecraft:sneak_time":12601,"minecraft:walk_under_water_one_cm":5636,"minecraft:jump":824,"minecraft:walk_on_water_one_cm":18071,"minecraft:interact_with_smoker":5,"minecraft:total_world_time":63325,"minecraft:fall_one_cm":11652},"minecraft:killed_by":{"medieval_craft_weapons:knight":1,"medieval_craft_weapons:soldier":1,"medieval_craft_weapons:archer":3},"minecraft:picked_up":{"minecraft:birch_log":12,"minecraft:crafting_table":1,"medieval_craft_weapons:brigandine_chestplate":1,"minecraft:birch_slab":1,"minecraft:jungle_log":8,"minecraft:leather":7,"minecraft:wooden_pickaxe":2,"minecraft:smoker":1,"minecraft:stone_brick_stairs":1,"minecraft:oak_log":80,"medieval_craft_weapons:plate_chestplate":1,"medieval_craft_weapons:pole_axe":2,"minecraft:dirt":106,"minecraft:armor_stand":3,"minecraft:apple":2,"minecraft:stone_bricks":7,"medieval_craft_weapons:greathelmet_helmet":1,"minecraft:wheat_seeds":1,"minecraft:spruce_planks":1,"minecraft:iron_ingot":8,"ageofweapons:caveman_spear":1,"minecraft:beef":16,"minecraft:spruce_slab":7,"minecraft:sugar_cane":20,"minecraft:chest":5,"minecraft:birch_sapling":6,"minecraft:oak_planks":18,"minecraft:furnace":1,"medieval_craft_weapons:mace":2,"medieval_craft_weapons:sword_1":4,"minecraft:oak_slab":18,"minecraft:stick":2,"minecraft:torch":8,"medieval_craft_weapons:plate_leggings":1,"minecraft:acacia_log":54,"minecraft:stone_brick_slab":2,"medieval_craft_weapons:titanite_nugget_1":5,"minecraft:cake":1,"minecraft:spruce_log":24,"minecraft:dark_oak_log":40,"alexsmobs:animal_dictionary":1,"minecraft:rotten_flesh":2,"minecraft:crossbow":1,"minecraft:oak_sapling":28,"minecraft:mutton":1,"minecraft:white_wool":1,"minecraft:cobblestone":38}},"DataVersion":3465}