{"stats":{"minecraft:used":{"biomesoplenty:mahogany_planks":98,"pfm:oak_brown_simple_bed":1,"minecraft:stone_sword":16,"minecraft:chest":3,"farmersdelight:melon_juice":2,"quark:paper_wall_big":2,"minecraft:torch":75,"minecraft:dirt":24,"apocalypsenow:apple_juice":1,"apocalypsenow:orange_juice":3,"embellishcraft:smooth_marble":4,"minecraft:stone_brick_slab":1,"minecraft:dark_oak_planks":2,"minecraft:wooden_axe":36,"apocalypsenow:baseball_bat":33,"minecraft:quartz_block":1,"minecraft:smooth_quartz":11,"minecraft:stone_bricks":10,"biomesoplenty:mahogany_sapling":1,"minecraft:sweet_berries":5,"minecraft:furnace":1,"minecraft:oak_sapling":1,"apocalypsenow:night_stick":10,"minecraft:brown_bed":1,"farmersdelight:potato_crate":2,"apocalypsenow:hawkbill_machete":50,"minecraft:dark_oak_stairs":1,"minecraft:birch_planks":3,"minecraft:glass_bottle":1,"apocalypsenow:crowbar":291,"minecraft:stone_pickaxe":1,"minecraft:oak_planks":63,"minecraft:wooden_pickaxe":27,"minecraft:crafting_table":9,"embellishcraft:gneiss_large_bricks_wall":1,"minecraft:white_bed":1,"create_sa:copper_leggings":1,"apocalypsenow:coke":3,"farmersdelight:honey_cookie":1,"minecraft:diamond_pickaxe":49,"refinedstorage:cable":4,"farmersdelight:apple_cider":1,"minecraft:apple":6,"minecraft:birch_slab":1,"minecraft:melon_slice":3,"minecraft:bread":6,"minecraft:iron_pickaxe":3,"cgm:grenade":1,"minecraft:leather_helmet":1,"minecraft:iron_door":1,"chalk:red_chalk":1,"minecraft:cobblestone":3,"minecraft:potion":5,"apocalypsenow:peach_juice":1,"minecraft:golden_pickaxe":34,"pfm:oak_gray_simple_bed":2},"minecraft:broken":{"minecraft:leather_chestplate":1,"apocalypsenow:construction_chestplate":1,"minecraft:golden_pickaxe":1,"minecraft:wooden_axe":1,"apocalypsenow:baseball_bat":1},"minecraft:crafted":{"minecraft:oak_planks":4,"minecraft:leather_leggings":1,"create_sa:copper_chestplate":1,"firstaid:plaster":2,"createaddition:iron_wire":1,"minecraft:chainmail_leggings":1,"create_sa:copper_leggings":1,"sophisticatedbackpacks:backpack":1,"minecraft:crafting_table":2,"minecraft:chainmail_chestplate":1,"minecraft:birch_planks":12,"minecraft:air":220,"minecraft:white_wool":8,"minecraft:diamond_pickaxe":1,"minecraft:stick":12,"minecraft:leather_chestplate":1,"minecraft:iron_pickaxe":1,"minecraft:wooden_axe":2,"minecraft:stone_sword":1},"minecraft:custom":{"lootr:looted_stat":28,"minecraft:mob_kills":119,"minecraft:interact_with_crafting_table":35,"minecraft:leave_game":5,"minecraft:time_since_death":6637,"minecraft:climb_one_cm":34873,"minecraft:sprint_one_cm":323501,"minecraft:walk_one_cm":489459,"minecraft:fridge_opened":3,"minecraft:drop":38,"minecraft:talked_to_villager":2,"minecraft:play_time":181540,"minecraft:deaths":6,"minecraft:sneak_time":5667,"minecraft:walk_under_water_one_cm":2988,"minecraft:jump":1468,"minecraft:drawer_searched":3,"minecraft:walk_on_water_one_cm":5352,"minecraft:total_world_time":181540,"minecraft:interact_with_furnace":9,"minecraft:sleep_in_bed":6,"minecraft:cabinet_searched":2,"minecraft:time_since_rest":6707,"minecraft:damage_taken":3437,"minecraft:damage_dealt":11181,"minecraft:swim_one_cm":2143,"minecraft:fly_one_cm":296545,"minecraft:freezer_opened":8,"minecraft:player_kills":1,"minecraft:open_chest":50,"minecraft:crouch_one_cm":20508,"minecraft:interact_with_smoker":2,"minecraft:fall_one_cm":35765},"minecraft:picked_up":{"minecraft:wooden_axe":1,"create:copper_sheet":13,"immersiveengineering:wirecutter":1,"minecraft:crafting_table":2,"immersiveengineering:plate_duroplast":2,"minecraft:brown_bed":1,"minecraft:gold_block":2,"create:bar_of_chocolate":4,"minecraft:string":138,"quark:paper_wall_big":2,"pfm:oak_gray_simple_bed":2,"create:sweet_roll":6,"minecraft:compass":1,"createaddition:iron_wire":4,"farmersdelight:fried_rice":3,"quark:black_shard":7,"minecraft:smooth_quartz":20,"minecraft:melon_slice":64,"minecraft:chest":3,"minecraft:furnace":1,"minecraft:stick":4,"farmersdelight:potato_crate":2,"embellishcraft:smooth_marble":14,"apocalypsenow:canned_pork":11,"minecraft:torch":19,"minecraft:cookie":8,"chalk:blue_chalk":1,"minecraft:dark_oak_planks":2,"farmersdelight:melon_popsicle":1,"minecraft:quartz_block":1,"apocalypsenow:porpsi":7,"immersiveengineering:steel_scaffolding_standard":2,"minecraft:rotten_flesh":88,"createaddition:barbed_wire":25,"biomesoplenty:mahogany_sapling":1,"pfm:oak_brown_simple_bed":1,"create:veridium":1,"minecraft:gold_ingot":2,"contenttweaker:bullet_casing_nato556":23,"farmersdelight:melon_juice":9,"minecraft:iron_bars":1,"minecraft:cobblestone":7,"minecraft:birch_log":3,"tac:round45":17,"create:iron_sheet":13,"minecraft:leather_chestplate":1,"apocalypsenow:peach_juice":3,"apocalypsenow:canned_melon":4,"minecraft:iron_door":2,"minecraft:birch_slab":1,"apocalypsenow:coffee":7,"minecraft:leather":57,"minecraft:birch_planks":6,"apocalypsenow:orange_juice":9,"contenttweaker:rubber":2,"minecraft:oak_log":17,"create:blaze_burner":1,"apocalypsenow:construction_chestplate":2,"apocalypsenow:canned_tomatos":2,"minecraft:dirt":27,"minecraft:paper":24,"embellishcraft:gneiss_large_bricks_wall":2,"tac:m1911":1,"minecraft:leather_boots":1,"minecraft:bone":104,"minecraft:apple":2,"minecraft:stone_bricks":10,"farmersdelight:cooking_pot":1,"minecraft:stonecutter":1,"minecraft:wheat_seeds":4,"apocalypsenow:human_flesh":2,"apocalypsenow:money":8,"minecraft:iron_ingot":5,"refinedstorage:cable":5,"apocalypsenow:crowbar":1,"tac:9mm_round":66,"minecraft:dark_oak_stairs":1,"minecraft:book":9,"apocalypsenow:u_sarmy_chestplate":1,"minecraft:sweet_berries":4,"chalk:red_chalk":1,"apocalypsenow:hawkbill_machete":1,"minecraft:stone_brick_slab":1,"apocalypsenow:canned_fish":4,"minecraft:white_bed":1,"minecraft:spruce_log":2,"create:display_board":1,"apocalypsenow:dagger":1,"minecraft:leather_helmet":1,"apocalypsenow:coke":3,"biomesoplenty:mahogany_log":28,"quark:framed_glass_pane":1,"minecraft:bread":6,"naturescompass:naturescompass":1,"quark:gray_shard":7,"minecraft:oak_sapling":13,"immersiveengineering:hammer":1,"rocks:cobblestone_splitter":9,"minecraft:coal":6,"apocalypsenow:energy_drink":13},"minecraft:mined":{"minecraft:dark_oak_planks":3,"minecraft:potted_pink_tulip":1,"minecraft:white_bed":1,"minecraft:gray_stained_glass_pane":1,"minecraft:grass_block":23,"minecraft:spruce_leaves":1,"minecraft:birch_slab":1,"pfm:oak_brown_simple_bed":1,"rocks:rock":9,"minecraft:spawner":6,"minecraft:black_stained_glass_pane":3,"quark:potted_sugar_cane":1,"minecraft:furnace":1,"create:vertical_framed_glass":5,"rocks:oak_stick":2,"minecraft:gold_block":2,"minecraft:brown_bed":1,"minecraft:dark_oak_stairs":1,"minecraft:bookshelf":3,"cfm:cyan_kitchen_drawer":1,"rocks:birch_stick":1,"minecraft:stone":6,"create:veridium":1,"create:dark_oak_window_pane":16,"create_central_kitchen:blaze_stove":1,"farmersdelight:cooking_pot":1,"minecraft:quartz_block":1,"lootr:lootr_chest":2,"minecraft:potted_lily_of_the_valley":1,"minecraft:stone_brick_slab":1,"farmersdelight:potato_crate":2,"minecraft:torch":1,"minecraft:crafting_table":2,"createbigcannons:traffic_cone":3,"minecraft:gray_stained_glass":2,"minecraft:melon":6,"quark:framed_glass_pane":1,"minecraft:chest":1,"embellishcraft:gneiss_large_bricks_wall":2,"minecraft:cobblestone":1,"createaddition:barbed_wire":26,"minecraft:iron_door":1,"minecraft:wall_torch":4,"minecraft:birch_planks":6,"minecraft:black_stained_glass":2,"quark:dark_oak_leaf_carpet":1,"minecraft:birch_log":3,"biomesoplenty:mahogany_log":3,"minecraft:sweet_berry_bush":2,"minecraft:spruce_log":2,"create:display_board":1,"quark:paper_wall_big":2,"minecraft:grass":7,"embellishcraft:smooth_marble":12,"immersiveengineering:steel_scaffolding_standard":2,"create:vertical_framed_glass_pane":4,"minecraft:smooth_quartz":21,"minecraft:dirt":4,"pfm:oak_gray_simple_bed":2,"minecraft:cobweb":1,"minecraft:stonecutter":1,"minecraft:stone_bricks":10,"minecraft:oak_leaves":8,"minecraft:fern":16},"minecraft:killed":{"hordes:zombie_player":1,"undead_revamp2:thesmoker":7,"undead_revamp2:bomber":3,"zombie_extreme:runner":2,"zombie_extreme:crawler":4,"minecraft:husk":8,"undead_revamp2:the_moonflower":2,"undead_revamp2:theordure":1,"minecraft:zombie":77,"zombie_extreme:infected_police":3,"alexsmobs:fly":1},"minecraft:dropped":{"minecraft:wheat_seeds":2,"minecraft:glass_bottle":1,"create:display_board":1,"minecraft:cookie":4,"quark:gray_shard":4,"xpbook:xp_tome":1,"refinedstorage:cable":5,"firstaid:bandage":3,"minecraft:torch":15,"minecraft:wooden_axe":1,"minecraft:smooth_quartz":3,"minecraft:paper":9,"minecraft:bone":18,"quark:framed_glass_pane":1,"apocalypsenow:small_can":1,"embellishcraft:smooth_marble":6,"minecraft:rotten_flesh":19,"patchouli:guide_book":1,"minecraft:oak_sapling":7,"minecraft:iron_bars":1,"tac:9mm_round":29},"minecraft:killed_by":{"zombie_extreme:infected_police":1,"minecraft:zombie":4}},"DataVersion":2975}