{"stats":{"minecraft:broken":{"medieval_craft_weapons:mighty_stick":1},"minecraft:dropped":{"minecraft:wheat_seeds":2,"minecraft:rotten_flesh":4,"minecraft:light_gray_wool":1,"minecraft:dirt":25,"minecraft:wooden_pickaxe":2},"minecraft:crafted":{"minecraft:cooked_beef":7,"minecraft:oak_planks":4,"minecraft:stone_shovel":1,"minecraft:crafting_table":1,"comforts:sleeping_bag_white":1,"minecraft:furnace":1,"minecraft:stone_axe":1,"minecraft:cooked_mutton":1,"minecraft:air":0,"minecraft:stick":8,"minecraft:stone_pickaxe":1,"minecraft:smoker":1},"minecraft:custom":{"minecraft:mob_kills":16,"minecraft:interact_with_crafting_table":19,"minecraft:leave_game":2,"minecraft:time_since_death":29261,"minecraft:sleep_in_bed":1,"minecraft:climb_one_cm":194,"minecraft:time_since_rest":6047,"minecraft:sprint_one_cm":32676,"minecraft:damage_taken":426,"minecraft:walk_one_cm":52052,"minecraft:drop":9,"minecraft:damage_dealt":1925,"minecraft:swim_one_cm":7994,"minecraft:fly_one_cm":61283,"minecraft:crouch_one_cm":2911,"minecraft:play_time":29261,"tombstone:undead_killed":4,"minecraft:sneak_time":1083,"minecraft:walk_under_water_one_cm":2625,"minecraft:jump":339,"minecraft:walk_on_water_one_cm":3754,"minecraft:interact_with_smoker":7,"minecraft:total_world_time":29261,"minecraft:fall_one_cm":9710},"minecraft:mined":{"iceandfire:silver_ore":1,"minecraft:smoker":2,"minecraft:crafting_table":2,"minecraft:grass_block":8,"minecraft:tall_grass":4,"minecraft:grass":16,"minecraft:oak_log":5,"minecraft:coal_ore":6,"minecraft:dirt":16,"minecraft:stone":29},"minecraft:killed":{"minecraft:sheep":5,"minecraft:skeleton":3,"minecraft:zombie":1,"minecraft:chicken":3,"minecraft:cow":3},"minecraft:used":{"minecraft:cooked_mutton":1,"minecraft:stone_shovel":24,"minecraft:stone_pickaxe":4,"minecraft:oak_planks":1,"minecraft:wooden_pickaxe":35,"medieval_craft_weapons:mighty_stick":5,"minecraft:white_wool":1,"minecraft:crafting_table":2,"minecraft:smoker":2,"medieval_craft_weapons:lance":3,"medieval_craft_weapons:vikingsword":41,"minecraft:stone_axe":3,"minecraft:cobblestone":16,"alexsmobs:animal_dictionary":1,"comforts:sleeping_bag_white":1,"minecraft:cooked_beef":4},"minecraft:picked_up":{"minecraft:crafting_table":2,"minecraft:feather":4,"minecraft:chicken":3,"minecraft:leather":3,"minecraft:wooden_pickaxe":2,"minecraft:smoker":2,"minecraft:birch_planks":16,"minecraft:oak_log":5,"minecraft:string":2,"minecraft:dirt":25,"minecraft:iron_leggings":1,"minecraft:bone":6,"minecraft:wheat_seeds":2,"comforts:sleeping_bag_white":1,"minecraft:beef":7,"minecraft:light_gray_wool":1,"minecraft:oak_planks":1,"minecraft:iron_boots":1,"minecraft:egg":2,"medieval_craft_weapons:lance":1,"minecraft:arrow":6,"minecraft:rotten_flesh":4,"medieval_craft_weapons:mighty_stick":2,"medieval_craft_weapons:vikingsword":1,"iceandfire:raw_silver":1,"minecraft:mutton":6,"minecraft:coal":6,"minecraft:cobblestone":31,"minecraft:white_wool":4}},"DataVersion":3465}