{"stats":{"minecraft:used":{"biomesoplenty:mahogany_planks":98,"pfm:oak_brown_simple_bed":1,"minecraft:stone_sword":16,"minecraft:chest":3,"farmersdelight:melon_juice":2,"quark:paper_wall_big":2,"minecraft:torch":90,"minecraft:dirt":24,"apocalypsenow:apple_juice":1,"apocalypsenow:orange_juice":3,"embellishcraft:smooth_marble":6,"minecraft:stone_brick_slab":1,"minecraft:dark_oak_planks":2,"minecraft:wooden_axe":36,"apocalypsenow:baseball_bat":33,"minecraft:quartz_block":1,"minecraft:smooth_quartz":11,"minecraft:stone_bricks":10,"biomesoplenty:mahogany_sapling":1,"minecraft:sweet_berries":5,"minecraft:furnace":1,"minecraft:oak_sapling":1,"apocalypsenow:night_stick":10,"minecraft:brown_bed":1,"farmersdelight:potato_crate":2,"farmersdelight:roast_chicken_block":1,"apocalypsenow:hawkbill_machete":85,"minecraft:dark_oak_stairs":1,"minecraft:birch_planks":3,"minecraft:glass_bottle":1,"apocalypsenow:crowbar":410,"minecraft:stone_pickaxe":1,"minecraft:oak_planks":63,"minecraft:wooden_pickaxe":27,"minecraft:crafting_table":9,"embellishcraft:gneiss_large_bricks_wall":1,"minecraft:white_bed":1,"create_sa:copper_leggings":1,"apocalypsenow:coke":3,"farmersdelight:honey_cookie":1,"minecraft:diamond_pickaxe":88,"refinedstorage:cable":4,"farmersdelight:apple_cider":1,"minecraft:apple":6,"minecraft:birch_slab":1,"minecraft:melon_slice":3,"minecraft:bread":6,"minecraft:iron_pickaxe":3,"cgm:grenade":1,"minecraft:leather_helmet":1,"minecraft:iron_door":1,"chalk:red_chalk":1,"minecraft:cobblestone":3,"minecraft:potion":6,"apocalypsenow:peach_juice":1,"embellishcraft:polished_marble":1,"minecraft:golden_pickaxe":34,"pfm:oak_gray_simple_bed":2},"minecraft:broken":{"minecraft:leather_chestplate":1,"apocalypsenow:crowbar":1,"apocalypsenow:construction_chestplate":1,"minecraft:golden_pickaxe":1,"minecraft:wooden_axe":1,"apocalypsenow:baseball_bat":1},"minecraft:crafted":{"minecraft:oak_planks":4,"apocalypsenow:u_sarmy_chestplate":1,"minecraft:leather_leggings":1,"create_sa:copper_chestplate":1,"firstaid:plaster":2,"createaddition:iron_wire":1,"minecraft:chainmail_leggings":1,"create_sa:copper_leggings":1,"sophisticatedbackpacks:backpack":1,"minecraft:crafting_table":2,"minecraft:chainmail_chestplate":1,"minecraft:birch_planks":12,"minecraft:air":292,"minecraft:white_wool":8,"minecraft:diamond_pickaxe":1,"minecraft:stick":12,"minecraft:leather_chestplate":1,"minecraft:iron_pickaxe":1,"minecraft:wooden_axe":2,"minecraft:stone_sword":1},"minecraft:custom":{"lootr:looted_stat":34,"minecraft:mob_kills":160,"minecraft:interact_with_crafting_table":35,"minecraft:leave_game":5,"minecraft:time_since_death":8762,"minecraft:climb_one_cm":49470,"minecraft:sprint_one_cm":353047,"minecraft:walk_one_cm":587945,"minecraft:fridge_opened":3,"minecraft:drop":51,"minecraft:chair_used":1,"minecraft:talked_to_villager":2,"minecraft:play_time":205540,"minecraft:deaths":10,"minecraft:sneak_time":5778,"minecraft:walk_under_water_one_cm":2988,"minecraft:jump":1670,"minecraft:drawer_searched":7,"minecraft:walk_on_water_one_cm":5352,"minecraft:total_world_time":205540,"minecraft:interact_with_furnace":10,"minecraft:sleep_in_bed":6,"minecraft:cabinet_searched":2,"minecraft:time_since_rest":8817,"minecraft:damage_taken":4084,"minecraft:damage_dealt":15310,"minecraft:swim_one_cm":2143,"minecraft:fly_one_cm":316880,"minecraft:freezer_opened":8,"minecraft:player_kills":1,"minecraft:open_chest":50,"minecraft:crouch_one_cm":20678,"minecraft:interact_with_smoker":2,"minecraft:fall_one_cm":40579},"minecraft:picked_up":{"minecraft:wooden_axe":2,"create:copper_sheet":13,"immersiveengineering:wirecutter":1,"minecraft:crafting_table":2,"minecraft:flower_pot":1,"immersiveengineering:plate_duroplast":2,"minecraft:brown_bed":1,"minecraft:potion":12,"minecraft:gold_block":5,"apocalypsenow:u_sarmy_helmet":2,"create:bar_of_chocolate":8,"minecraft:string":200,"quark:paper_wall_big":2,"pfm:oak_gray_simple_bed":2,"create:sweet_roll":6,"minecraft:compass":1,"createaddition:iron_wire":4,"create_sa:copper_chestplate":1,"farmersdelight:fried_rice":3,"quark:cyan_shard":8,"quark:black_shard":7,"minecraft:smooth_quartz":20,"minecraft:melon_slice":64,"minecraft:quartz_stairs":3,"minecraft:chest":3,"minecraft:iron_boots":1,"minecraft:furnace":1,"minecraft:stick":4,"farmersdelight:potato_crate":2,"embellishcraft:smooth_marble":20,"tac:m4":1,"apocalypsenow:canned_pork":11,"minecraft:torch":29,"sophisticatedbackpacks:backpack":1,"apocalypsenow:pipe_wrench":1,"minecraft:cookie":11,"chalk:blue_chalk":1,"refinedstorage:disk_drive":2,"minecraft:dark_oak_planks":2,"farmersdelight:melon_popsicle":1,"minecraft:quartz_block":3,"apocalypsenow:porpsi":7,"minecraft:cactus":2,"immersiveengineering:steel_scaffolding_standard":2,"minecraft:rotten_flesh":152,"tac:cz75":1,"createaddition:barbed_wire":25,"biomesoplenty:mahogany_sapling":1,"create_sa:copper_leggings":1,"pfm:oak_brown_simple_bed":1,"minecraft:iron_block":5,"firstaid:bandage":1,"create:veridium":1,"minecraft:gold_ingot":2,"apocalypsenow:fire_figther_chestplate":1,"contenttweaker:bullet_casing_nato556":23,"farmersdelight:melon_juice":21,"apocalypsenow:money_block":7,"minecraft:iron_bars":1,"minecraft:cobblestone":10,"minecraft:birch_log":3,"tac:round45":22,"create:iron_sheet":13,"minecraft:leather_chestplate":1,"apocalypsenow:peach_juice":3,"apocalypsenow:canned_melon":10,"minecraft:iron_door":2,"minecraft:birch_slab":1,"apocalypsenow:coffee":7,"minecraft:leather":57,"minecraft:potato":1,"minecraft:birch_planks":6,"apocalypsenow:orange_juice":16,"embellishcraft:polished_marble":2,"contenttweaker:rubber":2,"minecraft:oak_log":17,"create:blaze_burner":1,"apocalypsenow:construction_chestplate":2,"apocalypsenow:canned_tomatos":8,"minecraft:dirt":27,"minecraft:paper":24,"embellishcraft:gneiss_large_bricks_wall":2,"artifacts:shock_pendant":1,"tac:m1911":3,"minecraft:leather_boots":1,"apocalypsenow:u_sarmy_leggings":1,"minecraft:bone":156,"apocalypsenow:construction_leggings":1,"minecraft:apple":2,"minecraft:stone_bricks":10,"farmersdelight:cooking_pot":1,"minecraft:stonecutter":1,"minecraft:wheat_seeds":4,"apocalypsenow:human_flesh":6,"apocalypsenow:money":8,"minecraft:iron_ingot":5,"refinedstorage:cable":5,"apocalypsenow:crowbar":2,"tac:9mm_round":127,"minecraft:dark_oak_stairs":1,"minecraft:book":9,"apocalypsenow:canned_carrot":5,"firstaid:plaster":3,"apocalypsenow:u_sarmy_chestplate":3,"minecraft:sweet_berries":4,"chalk:red_chalk":1,"apocalypsenow:hawkbill_machete":2,"minecraft:stone_brick_slab":1,"apocalypsenow:canned_fish":9,"minecraft:white_bed":1,"minecraft:spruce_log":2,"create:display_board":1,"apocalypsenow:dagger":1,"minecraft:leather_helmet":1,"apocalypsenow:coke":3,"biomesoplenty:mahogany_log":28,"apocalypsenow:hockey_helmet":1,"xpbook:xp_tome":2,"artifacts:crystal_heart":1,"quark:framed_glass_pane":1,"minecraft:bread":8,"naturescompass:naturescompass":1,"apocalypsenow:construction_helmet":1,"quark:gray_shard":31,"minecraft:oak_sapling":13,"minecraft:diamond_pickaxe":1,"immersiveengineering:hammer":1,"rocks:cobblestone_splitter":9,"minecraft:coal":6,"apocalypsenow:energy_drink":26},"minecraft:mined":{"minecraft:dark_oak_planks":3,"minecraft:potted_pink_tulip":1,"minecraft:white_bed":1,"minecraft:quartz_stairs":5,"minecraft:potted_cactus":1,"minecraft:gray_stained_glass_pane":3,"minecraft:grass_block":23,"minecraft:spruce_leaves":1,"minecraft:birch_slab":1,"pfm:oak_brown_simple_bed":1,"rocks:rock":9,"minecraft:spawner":11,"minecraft:smooth_stone":1,"minecraft:black_stained_glass_pane":3,"quark:potted_sugar_cane":1,"minecraft:furnace":1,"create:vertical_framed_glass":5,"rocks:oak_stick":2,"minecraft:gold_block":5,"minecraft:brown_bed":1,"minecraft:dark_oak_stairs":1,"minecraft:bookshelf":3,"cfm:cyan_kitchen_drawer":1,"rocks:birch_stick":1,"minecraft:stone":9,"minecraft:iron_block":5,"create:veridium":1,"create:dark_oak_window_pane":16,"create_central_kitchen:blaze_stove":1,"farmersdelight:cooking_pot":1,"minecraft:quartz_block":2,"lootr:lootr_chest":2,"minecraft:potted_lily_of_the_valley":1,"minecraft:stone_brick_slab":1,"farmersdelight:potato_crate":2,"apocalypsenow:money_block":7,"minecraft:torch":2,"minecraft:crafting_table":2,"createbigcannons:traffic_cone":3,"minecraft:gray_stained_glass":4,"minecraft:melon":6,"quark:framed_glass_pane":1,"minecraft:chest":1,"embellishcraft:polished_marble":1,"embellishcraft:gneiss_large_bricks_wall":2,"minecraft:cobblestone":1,"createaddition:barbed_wire":26,"minecraft:iron_door":1,"minecraft:wall_torch":6,"minecraft:birch_planks":6,"minecraft:black_stained_glass":2,"quark:dark_oak_leaf_carpet":1,"minecraft:birch_log":3,"biomesoplenty:mahogany_log":3,"minecraft:sweet_berry_bush":2,"minecraft:spruce_log":2,"create:display_board":1,"quark:paper_wall_big":2,"minecraft:grass":7,"embellishcraft:smooth_marble":16,"immersiveengineering:steel_scaffolding_standard":2,"create:vertical_framed_glass_pane":4,"minecraft:smooth_quartz":21,"minecraft:dirt":4,"pfm:oak_gray_simple_bed":2,"minecraft:cobweb":1,"simplylight:illuminant_block":1,"minecraft:stonecutter":1,"minecraft:stone_bricks":10,"minecraft:oak_leaves":8,"minecraft:fern":16},"minecraft:killed":{"hordes:zombie_player":1,"undead_revamp2:thesmoker":7,"undead_revamp2:bomber":3,"zombie_extreme:runner":2,"zombie_extreme:crawler":5,"minecraft:husk":8,"undead_revamp2:the_moonflower":2,"undead_revamp2:theordure":1,"minecraft:zombie":118,"zombie_extreme:infected_police":3,"alexsmobs:fly":1},"minecraft:dropped":{"minecraft:wheat_seeds":2,"minecraft:glass_bottle":1,"create:display_board":1,"minecraft:cookie":8,"tac:m1911":1,"quark:gray_shard":11,"xpbook:xp_tome":1,"refinedstorage:cable":5,"firstaid:bandage":3,"minecraft:torch":16,"minecraft:wooden_axe":1,"minecraft:smooth_quartz":3,"refinedstorage:disk_drive":2,"minecraft:paper":9,"minecraft:bone":20,"apocalypsenow:orange_juice":2,"quark:framed_glass_pane":1,"apocalypsenow:small_can":1,"embellishcraft:smooth_marble":6,"minecraft:rotten_flesh":19,"patchouli:guide_book":1,"minecraft:oak_sapling":7,"minecraft:iron_bars":1,"tac:9mm_round":29,"apocalypsenow:human_flesh":3},"minecraft:killed_by":{"hordes:zombie_player":1,"zombie_extreme:infected_police":1,"minecraft:zombie":5}},"DataVersion":2975}