{"stats":{"minecraft:broken":{"medieval_craft_weapons:mighty_stick":1},"minecraft:dropped":{"minecraft:wheat_seeds":2,"alexsmobs:gazelle_horn":1,"minecraft:rotten_flesh":6,"minecraft:light_gray_wool":1,"iceandfire:fire_lily":1,"minecraft:dirt":25,"biomesoplenty:wilted_lily":4,"minecraft:wooden_pickaxe":2},"minecraft:killed_by":{"alexsmobs:crocodile":2},"minecraft:crafted":{"minecraft:cooked_beef":7,"minecraft:oak_planks":4,"minecraft:stone_shovel":1,"minecraft:crafting_table":1,"comforts:sleeping_bag_white":1,"minecraft:cooked_chicken":3,"minecraft:furnace":1,"minecraft:stone_axe":1,"minecraft:cooked_mutton":7,"minecraft:air":0,"minecraft:stick":8,"minecraft:stone_pickaxe":1,"minecraft:smoker":1},"minecraft:mined":{"iceandfire:silver_ore":1,"biomesoplenty:orange_sand":1,"minecraft:smoker":3,"biomesoplenty:desert_grass":1,"minecraft:crafting_table":2,"minecraft:grass_block":8,"iceandfire:fire_lily":5,"minecraft:tall_grass":4,"biomesoplenty:wilted_lily":5,"biomesoplenty:dead_grass":3,"biomesoplenty:dune_grass":14,"minecraft:stone_brick_stairs":1,"minecraft:grass":18,"minecraft:oak_log":5,"minecraft:coal_ore":6,"minecraft:dirt":16,"minecraft:cracked_stone_bricks":2,"minecraft:stone_bricks":2,"minecraft:stone":29,"minecraft:mossy_stone_bricks":3},"minecraft:custom":{"minecraft:mob_kills":20,"minecraft:interact_with_crafting_table":19,"minecraft:leave_game":3,"minecraft:time_since_death":8621,"minecraft:sleep_in_bed":2,"minecraft:climb_one_cm":236,"minecraft:time_since_rest":6547,"minecraft:sprint_one_cm":108519,"minecraft:damage_taken":1306,"minecraft:walk_one_cm":80412,"minecraft:drop":14,"minecraft:damage_dealt":2799,"minecraft:swim_one_cm":19340,"minecraft:fly_one_cm":223867,"minecraft:crouch_one_cm":5342,"minecraft:play_time":48557,"tombstone:undead_killed":4,"minecraft:deaths":2,"minecraft:sneak_time":1844,"minecraft:walk_under_water_one_cm":10842,"minecraft:jump":883,"minecraft:walk_on_water_one_cm":14700,"minecraft:total_world_time":48557,"minecraft:interact_with_smoker":11,"minecraft:fall_one_cm":22678},"minecraft:killed":{"minecraft:sheep":5,"minecraft:skeleton":3,"alexsmobs:crocodile":2,"minecraft:zombie":1,"minecraft:chicken":3,"alexsmobs:gazelle":2,"minecraft:cow":3},"minecraft:used":{"minecraft:cooked_mutton":3,"minecraft:stone_shovel":24,"minecraft:stone_pickaxe":13,"minecraft:oak_planks":1,"minecraft:wooden_pickaxe":35,"medieval_craft_weapons:mighty_stick":5,"minecraft:white_wool":1,"minecraft:crafting_table":2,"minecraft:smoker":3,"medieval_craft_weapons:lance":3,"medieval_craft_weapons:vikingsword":83,"minecraft:stone_axe":4,"minecraft:cobblestone":16,"tombstone:gift":2,"alexsmobs:animal_dictionary":1,"comforts:sleeping_bag_white":2,"minecraft:cooked_beef":7},"minecraft:picked_up":{"minecraft:crafting_table":2,"minecraft:feather":4,"minecraft:chicken":3,"iceandfire:fire_lily":4,"minecraft:leather":3,"minecraft:wooden_pickaxe":2,"minecraft:smoker":3,"minecraft:birch_planks":16,"minecraft:oak_log":5,"alexsmobs:gazelle_horn":1,"minecraft:dirt":25,"minecraft:string":2,"minecraft:iron_leggings":1,"minecraft:bone":6,"minecraft:wheat_seeds":2,"comforts:sleeping_bag_white":2,"minecraft:beef":7,"minecraft:light_gray_wool":1,"minecraft:oak_planks":1,"minecraft:iron_boots":1,"minecraft:egg":2,"biomesoplenty:wilted_lily":4,"medieval_craft_weapons:lance":1,"alexsmobs:crocodile_scute":2,"minecraft:arrow":6,"minecraft:rotten_flesh":6,"medieval_craft_weapons:mighty_stick":2,"medieval_craft_weapons:vikingsword":1,"biomesoplenty:orange_sand":1,"minecraft:mutton":7,"minecraft:coal":9,"minecraft:white_wool":4,"iceandfire:raw_silver":1,"minecraft:cobblestone":31}},"DataVersion":3465}