{"stats":{"minecraft:picked_up":{"minecraft:wooden_axe":2,"apocalypsenow:energy_drink":26,"minecraft:flower_pot":1,"immersiveengineering:plate_duroplast":2,"minecraft:brown_bed":1,"minecraft:potion":12,"apocalypsenow:can_opener":3,"create:bar_of_chocolate":8,"minecraft:string":329,"quark:paper_wall_big":2,"create:sweet_roll":6,"pfm:oak_gray_simple_bed":3,"createaddition:iron_wire":4,"farmersdelight:fried_rice":3,"quark:cyan_shard":8,"quark:black_shard":7,"minecraft:smooth_quartz":30,"minecraft:melon_slice":64,"minecraft:furnace":1,"minecraft:iron_boots":2,"minecraft:stick":4,"farmersdelight:potato_crate":2,"embellishcraft:smooth_marble":22,"tac:m4":1,"minecraft:torch":33,"apocalypsenow:canned_pork":11,"securitycraft:camera_monitor":1,"chalk:blue_chalk":2,"refinedstorage:disk_drive":2,"camera:album":1,"farmersdelight:melon_popsicle":1,"minecraft:quartz_block":3,"apocalypsenow:porpsi":7,"minecraft:cactus":2,"minecraft:rotten_flesh":238,"createaddition:barbed_wire":25,"biomesoplenty:mahogany_sapling":1,"pfm:oak_brown_simple_bed":1,"create_sa:copper_leggings":1,"minecraft:iron_block":5,"apocalypsenow:kitchen_knife":1,"alexsmobs:emu_egg":1,"create:veridium":1,"farmersdelight:melon_juice":21,"refinedstorage:1k_storage_part":1,"contenttweaker:bullet_casing_nato556":23,"minecraft:iron_bars":1,"apocalypsenow:money_block":7,"minecraft:cobblestone":12,"minecraft:birch_log":5,"tac:round45":37,"minecraft:leather_chestplate":1,"apocalypsenow:canned_melon":10,"apocalypsenow:peach_juice":3,"minecraft:iron_door":2,"minecraft:birch_slab":1,"apocalypsenow:coffee":7,"minecraft:potato":1,"contenttweaker:rubber":6,"apocalypsenow:construction_chestplate":2,"minecraft:dirt":27,"minecraft:stripped_birch_log":1,"apocalypsenow:canned_tomatos":8,"artifacts:shock_pendant":1,"minecraft:leather_boots":1,"apocalypsenow:machete":1,"minecraft:bone":288,"another_furniture:black_stool":1,"minecraft:stonecutter":1,"apocalypsenow:human_flesh":8,"minecraft:wheat_seeds":4,"minecraft:mossy_stone_bricks":1,"tac:9mm_round":176,"minecraft:oak_planks":11,"firstaid:plaster":3,"apocalypsenow:canned_carrot":5,"apocalypsenow:u_sarmy_chestplate":3,"apocalypsenow:hawkbill_machete":2,"apocalypsenow:small_can":2,"chalk:red_chalk":2,"apocalypsenow:canned_fish":9,"apocalypsenow:dagger":2,"apocalypsenow:coke":3,"apocalypsenow:hockey_helmet":1,"artifacts:crystal_heart":1,"minecraft:polished_blackstone_pressure_plate":1,"apocalypsenow:hunting_knife":1,"minecraft:bread":8,"alexsmobs:maggot":1,"minecraft:oak_sapling":13,"apocalypsenow:construction_helmet":2,"rocks:cobblestone_splitter":9,"minecraft:diamond_pickaxe":1,"create:copper_sheet":13,"immersiveengineering:wirecutter":1,"minecraft:crafting_table":2,"apocalypsenow:letter_opener":1,"apocalypsenow:fire_figther_boots":1,"minecraft:gold_block":5,"apocalypsenow:u_sarmy_helmet":2,"apocalypsenow:shiv":1,"minecraft:flint_and_steel":1,"minecraft:white_carpet":2,"minecraft:compass":2,"create_sa:copper_chestplate":1,"embellishcraft:smooth_basalt":3,"minecraft:poppy":1,"minecraft:quartz_stairs":3,"minecraft:chest":3,"sophisticatedbackpacks:backpack":1,"apocalypsenow:pipe_wrench":1,"minecraft:cookie":11,"tac:b_magnum":13,"minecraft:dark_oak_planks":2,"immersiveengineering:steel_scaffolding_standard":2,"tac:cz75":1,"minecraft:gold_ingot":2,"firstaid:bandage":9,"apocalypsenow:fire_figther_chestplate":1,"create:iron_sheet":13,"minecraft:leather":57,"apocalypsenow:orange_juice":16,"apocalypsenow:green_bikers_helmet":1,"minecraft:birch_planks":6,"embellishcraft:polished_marble":2,"minecraft:oak_log":17,"minecraft:gunpowder":2,"create:blaze_burner":1,"farmersdelight:skillet":1,"minecraft:paper":88,"embellishcraft:gneiss_large_bricks_wall":3,"tac:m1911":3,"apocalypsenow:u_sarmy_leggings":1,"apocalypsenow:construction_leggings":2,"apocalypsenow:garden_fork":1,"minecraft:apple":2,"minecraft:stone_bricks":10,"farmersdelight:cooking_pot":1,"securitycraft:security_camera":2,"apocalypsenow:money":8,"minecraft:iron_ingot":11,"refinedstorage:cable":5,"apocalypsenow:crowbar":2,"tac:ae50":10,"minecraft:dark_oak_stairs":1,"minecraft:book":9,"minecraft:sweet_berries":4,"minecraft:stone_brick_slab":1,"minecraft:white_bed":3,"minecraft:spruce_log":2,"create:display_board":1,"minecraft:leather_helmet":1,"biomesoplenty:mahogany_log":28,"xpbook:xp_tome":6,"quark:framed_glass_pane":2,"naturescompass:naturescompass":2,"quark:gray_shard":34,"minecraft:coal":6,"immersiveengineering:hammer":2},"minecraft:dropped":{"minecraft:glass_bottle":1,"minecraft:cookie":8,"tac:m1911":1,"xpbook:xp_tome":5,"refinedstorage:cable":5,"firstaid:bandage":11,"refinedstorage:disk_drive":2,"minecraft:bone":24,"apocalypsenow:small_can":1,"minecraft:rotten_flesh":25,"patchouli:guide_book":1,"minecraft:iron_bars":1,"apocalypsenow:human_flesh":3,"minecraft:wheat_seeds":2,"create:display_board":1,"securitycraft:security_camera":1,"quark:gray_shard":11,"minecraft:torch":16,"minecraft:wooden_axe":1,"minecraft:smooth_quartz":3,"minecraft:paper":9,"quark:framed_glass_pane":1,"apocalypsenow:orange_juice":2,"embellishcraft:smooth_marble":6,"minecraft:oak_sapling":7,"tac:9mm_round":29},"minecraft:mined":{"minecraft:dark_oak_planks":3,"minecraft:potted_pink_tulip":1,"minecraft:white_bed":3,"minecraft:potted_cactus":1,"minecraft:grass_block":23,"pfm:oak_brown_simple_bed":1,"minecraft:spawner":14,"embellishcraft:smooth_basalt":3,"minecraft:smooth_stone":1,"create:vertical_framed_glass":5,"rocks:oak_stick":2,"minecraft:dark_oak_stairs":1,"minecraft:brown_bed":1,"minecraft:iron_block":5,"create:veridium":1,"create:dark_oak_window_pane":16,"minecraft:quartz_block":2,"lootr:lootr_chest":2,"farmersdelight:potato_crate":2,"apocalypsenow:money_block":7,"minecraft:torch":3,"minecraft:poppy":1,"minecraft:melon":6,"quark:framed_glass_pane":2,"minecraft:chest":1,"embellishcraft:polished_marble":1,"minecraft:cobblestone":1,"createaddition:barbed_wire":26,"minecraft:iron_door":1,"minecraft:wall_torch":9,"minecraft:birch_log":5,"quark:paper_wall_big":2,"minecraft:grass":8,"create:vertical_framed_glass_pane":6,"minecraft:dirt":4,"minecraft:smooth_quartz":31,"pfm:oak_gray_simple_bed":2,"simplylight:illuminant_block":1,"minecraft:stonecutter":1,"minecraft:oak_leaves":8,"minecraft:quartz_stairs":5,"minecraft:stripped_birch_log":1,"minecraft:gray_stained_glass_pane":15,"minecraft:birch_slab":1,"minecraft:spruce_leaves":1,"rocks:rock":9,"minecraft:black_stained_glass_pane":5,"quark:potted_sugar_cane":1,"minecraft:furnace":1,"minecraft:gold_block":5,"minecraft:bookshelf":3,"cfm:cyan_kitchen_drawer":1,"rocks:birch_stick":1,"minecraft:stone":11,"create_central_kitchen:blaze_stove":1,"farmersdelight:cooking_pot":1,"minecraft:potted_lily_of_the_valley":1,"minecraft:stone_brick_slab":1,"minecraft:crafting_table":2,"createbigcannons:traffic_cone":3,"minecraft:gray_stained_glass":4,"another_furniture:black_stool":1,"embellishcraft:gneiss_large_bricks_wall":3,"minecraft:black_stained_glass":2,"minecraft:birch_planks":6,"quark:dark_oak_leaf_carpet":1,"biomesoplenty:mahogany_log":3,"minecraft:sweet_berry_bush":2,"minecraft:white_carpet":2,"minecraft:spruce_log":2,"create:display_board":1,"embellishcraft:smooth_marble":19,"immersiveengineering:steel_scaffolding_standard":2,"minecraft:cobweb":1,"minecraft:stone_bricks":10,"minecraft:fern":16},"minecraft:broken":{"apocalypsenow:construction_chestplate":1,"minecraft:wooden_axe":1,"minecraft:leather_chestplate":1,"apocalypsenow:crowbar":1,"minecraft:golden_pickaxe":1,"apocalypsenow:hawkbill_machete":1,"apocalypsenow:baseball_bat":1},"minecraft:killed":{"undead_revamp2:thesmoker":14,"undead_revamp2:thepregnant":1,"undead_revamp2:theordure":1,"minecraft:zombie":181,"zombie_extreme:infected_police":4,"alexsmobs:fly":3,"hordes:zombie_player":1,"undead_revamp2:bomber":3,"zombie_extreme:runner":14,"zombie_extreme:crawler":7,"minecraft:husk":27,"undead_revamp2:the_moonflower":3,"alexsmobs:elephant":3},"minecraft:crafted":{"minecraft:oak_planks":4,"create_sa:copper_chestplate":1,"create_sa:copper_leggings":1,"sophisticatedbackpacks:backpack":1,"minecraft:crafting_table":2,"minecraft:chainmail_chestplate":1,"minecraft:birch_planks":12,"minecraft:diamond_pickaxe":1,"minecraft:stick":12,"minecraft:iron_pickaxe":1,"minecraft:leather_chestplate":1,"minecraft:stone_sword":1,"apocalypsenow:u_sarmy_chestplate":1,"minecraft:leather_leggings":1,"firstaid:plaster":2,"createaddition:iron_wire":1,"minecraft:chainmail_leggings":1,"minecraft:air":301,"minecraft:white_wool":8,"minecraft:wooden_axe":2},"minecraft:custom":{"lootr:looted_stat":49,"minecraft:interact_with_crafting_table":35,"minecraft:leave_game":7,"minecraft:time_since_death":10282,"minecraft:sprint_one_cm":414855,"minecraft:drop":62,"minecraft:talked_to_villager":2,"minecraft:play_time":261532,"minecraft:deaths":14,"minecraft:jump":1992,"minecraft:walk_on_water_one_cm":5603,"minecraft:interact_with_furnace":10,"minecraft:sleep_in_bed":7,"minecraft:damage_dealt":24515,"minecraft:player_kills":1,"minecraft:crouch_one_cm":22503,"minecraft:interact_with_smoker":2,"minecraft:mob_kills":288,"minecraft:damage_dealt_resisted":54,"minecraft:climb_one_cm":58061,"minecraft:walk_one_cm":725552,"minecraft:fridge_opened":3,"minecraft:chair_used":2,"minecraft:sneak_time":7047,"minecraft:walk_under_water_one_cm":3073,"minecraft:drawer_searched":14,"minecraft:total_world_time":261532,"minecraft:cabinet_searched":3,"minecraft:time_since_rest":10313,"minecraft:damage_taken":5151,"minecraft:swim_one_cm":2143,"minecraft:fly_one_cm":564646,"minecraft:freezer_opened":8,"minecraft:open_chest":78,"minecraft:fall_one_cm":50989},"minecraft:used":{"minecraft:chest":3,"securitycraft:security_camera":1,"farmersdelight:melon_juice":2,"apocalypsenow:apple_juice":2,"embellishcraft:smooth_marble":6,"minecraft:quartz_block":1,"farmersdelight:melon_popsicle":1,"minecraft:stone_bricks":10,"biomesoplenty:mahogany_sapling":1,"minecraft:sweet_berries":5,"minecraft:furnace":1,"minecraft:oak_sapling":1,"minecraft:dark_oak_stairs":1,"quark:framed_glass_pane":1,"apocalypsenow:crowbar":410,"minecraft:stone_pickaxe":1,"minecraft:oak_planks":66,"minecraft:wooden_pickaxe":27,"embellishcraft:gneiss_large_bricks_wall":1,"apocalypsenow:coke":6,"farmersdelight:honey_cookie":1,"minecraft:birch_slab":1,"minecraft:bread":6,"minecraft:melon_slice":3,"minecraft:iron_door":1,"embellishcraft:smooth_basalt":3,"chalk:red_chalk":1,"minecraft:golden_pickaxe":34,"embellishcraft:polished_marble":1,"pfm:oak_gray_simple_bed":3,"biomesoplenty:mahogany_planks":98,"pfm:oak_brown_simple_bed":1,"minecraft:stone_sword":16,"quark:paper_wall_big":2,"minecraft:torch":99,"minecraft:dirt":24,"apocalypsenow:grape_juice":1,"apocalypsenow:orange_juice":3,"apocalypsenow:pipe_wrench":24,"minecraft:dark_oak_planks":2,"minecraft:stone_brick_slab":1,"minecraft:wooden_axe":36,"apocalypsenow:baseball_bat":33,"minecraft:smooth_quartz":14,"apocalypsenow:night_stick":10,"farmersdelight:potato_crate":2,"minecraft:brown_bed":1,"farmersdelight:roast_chicken_block":1,"apocalypsenow:hawkbill_machete":326,"minecraft:birch_planks":3,"minecraft:glass_bottle":1,"minecraft:polished_blackstone_pressure_plate":1,"minecraft:crafting_table":9,"minecraft:white_bed":3,"create_sa:copper_leggings":1,"refinedstorage:cable":4,"minecraft:diamond_pickaxe":124,"farmersdelight:apple_cider":1,"minecraft:apple":6,"minecraft:iron_pickaxe":3,"cgm:grenade":1,"minecraft:leather_helmet":1,"minecraft:cobblestone":3,"minecraft:potion":7,"apocalypsenow:peach_juice":1,"pipez:energy_pipe":4},"minecraft:killed_by":{"minecraft:zombie":6,"minecraft:husk":1,"hordes:zombie_player":1,"zombie_extreme:infected_police":1}},"DataVersion":2975}