{"stats":{"minecraft:dropped":{"minecraft:wheat_seeds":2},"minecraft:crafted":{"minecraft:oak_planks":4,"minecraft:stone_shovel":1,"minecraft:crafting_table":1,"minecraft:stick":8,"minecraft:stone_pickaxe":1,"minecraft:furnace":1,"minecraft:air":0,"minecraft:cooked_mutton":1,"minecraft:smoker":1},"minecraft:mined":{"minecraft:grass":8,"minecraft:grass_block":8,"minecraft:oak_log":5,"minecraft:dirt":16,"minecraft:tall_grass":3,"minecraft:stone":18},"minecraft:custom":{"minecraft:time_since_rest":17773,"minecraft:sprint_one_cm":10497,"minecraft:damage_taken":60,"minecraft:walk_one_cm":26209,"minecraft:mob_kills":3,"minecraft:drop":2,"minecraft:damage_dealt":440,"minecraft:swim_one_cm":902,"minecraft:interact_with_crafting_table":17,"minecraft:fly_one_cm":18669,"minecraft:crouch_one_cm":1078,"minecraft:play_time":17773,"minecraft:sneak_time":528,"minecraft:walk_under_water_one_cm":113,"minecraft:jump":130,"minecraft:leave_game":1,"minecraft:time_since_death":17773,"minecraft:walk_on_water_one_cm":192,"minecraft:interact_with_smoker":3,"minecraft:total_world_time":17773,"minecraft:fall_one_cm":4983},"minecraft:killed":{"minecraft:sheep":1,"minecraft:cow":1},"minecraft:used":{"medieval_craft_weapons:lance":3,"minecraft:stone_shovel":24,"minecraft:wooden_pickaxe":19,"medieval_craft_weapons:mighty_stick":2,"medieval_craft_weapons:vikingsword":5,"minecraft:crafting_table":1,"alexsmobs:animal_dictionary":1,"minecraft:smoker":1},"minecraft:picked_up":{"minecraft:leather":1,"minecraft:wooden_pickaxe":1,"minecraft:birch_planks":16,"medieval_craft_weapons:lance":1,"minecraft:oak_log":5,"minecraft:dirt":25,"minecraft:string":2,"minecraft:iron_leggings":1,"minecraft:wheat_seeds":2,"medieval_craft_weapons:mighty_stick":2,"minecraft:beef":3,"medieval_craft_weapons:vikingsword":1,"minecraft:light_gray_wool":1,"minecraft:mutton":1,"minecraft:cobblestone":20,"minecraft:iron_boots":1}},"DataVersion":3465}