{"stats":{"minecraft:broken":{"minecraft:diamond_chestplate":1,"medieval_craft_weapons:mighty_stick":1,"medieval_craft_weapons:plate_boots":1,"medieval_craft_weapons:plate_helmet":1,"medieval_craft_weapons:plate_leggings":1},"minecraft:dropped":{"medieval_craft_weapons:legionary_chestplate":2,"minecraft:birch_planks":9,"minecraft:wheat_seeds":8,"minecraft:oak_log":9,"minecraft:baked_potato":1,"minecraft:diamond":3,"minecraft:iron_helmet":1,"medieval_craft_weapons:plate_helmet":1,"minecraft:apple":1,"medieval_craft_weapons:legionary_helmet":2,"minecraft:red_wool":8,"minecraft:chainmail_helmet":1,"iceandfire:graveyard_soil":1,"minecraft:stick":4,"minecraft:dirt":25,"minecraft:mutton":1,"medieval_craft_weapons:plate_chestplate":2,"biomesoplenty:wilted_lily":4,"minecraft:armor_stand":4,"biomesoplenty:toadstool":1,"minecraft:stone_axe":2,"minecraft:cooked_chicken":70,"alexsmobs:gazelle_horn":2,"medieval_craft_weapons:plate_boots":1,"medieval_craft_weapons:plate_leggings":1,"minecraft:rotten_flesh":11,"minecraft:light_gray_wool":1,"iceandfire:fire_lily":1,"minecraft:shears":1,"minecraft:iron_chestplate":2,"minecraft:leather_boots":1,"minecraft:oak_sapling":1,"minecraft:spider_eye":2,"medieval_craft_weapons:titanite_nugget_1":1,"minecraft:iron_bars":2,"minecraft:stone_pickaxe":1,"minecraft:wooden_pickaxe":2},"minecraft:killed_by":{"minecraft:creeper":1,"medieval_craft_weapons:heavyknight":1,"iceandfire:gorgon":1,"alexsmobs:crocodile":2,"iceandfire:ghost":2,"medieval_craft_weapons:knight":1,"medieval_craft_weapons:soldier":2,"iceandfire:fire_dragon":1},"minecraft:crafted":{"minecraft:oak_planks":124,"minecraft:stone_shovel":1,"comforts:sleeping_bag_white":1,"minecraft:cooked_chicken":3,"iceandfire:dragon_stick":1,"minecraft:furnace":1,"minecraft:bookshelf":3,"minecraft:cooked_mutton":7,"minecraft:diamond_leggings":1,"minecraft:iron_boots":1,"minecraft:stone_pickaxe":2,"minecraft:smoker":1,"minecraft:cooked_beef":7,"minecraft:oak_slab":12,"minecraft:diamond_sword":1,"minecraft:diamond_axe":1,"minecraft:crafting_table":6,"minecraft:wooden_pickaxe":1,"minecraft:iron_helmet":1,"minecraft:birch_planks":100,"minecraft:stone_axe":2,"minecraft:air":0,"minecraft:diamond_pickaxe":1,"minecraft:shield":2,"minecraft:stick":24,"minecraft:stone_sword":1,"minecraft:iron_leggings":1,"minecraft:acacia_planks":20,"medieval_craft_weapons:legionary_helmet":2,"minecraft:diamond_chestplate":1},"minecraft:mined":{"iceandfire:graveyard_soil":3,"iceandfire:silver_ore":1,"minecraft:jungle_leaves":1,"biomesoplenty:desert_grass":4,"biomesoplenty:bush":3,"minecraft:grass_block":14,"biomesoplenty:wilted_lily":6,"biomesoplenty:dead_grass":3,"minecraft:sandstone":6,"biomesoplenty:dune_grass":15,"minecraft:large_fern":1,"minecraft:fire":7,"minecraft:anvil":1,"biomesoplenty:high_grass":1,"minecraft:vine":5,"minecraft:iron_bars":6,"minecraft:stone":41,"minecraft:spruce_slab":2,"minecraft:glass_pane":6,"minecraft:red_wool":116,"minecraft:smoker":3,"biomesoplenty:orange_sand":1,"minecraft:stone_brick_slab":1,"minecraft:crafting_table":2,"iceandfire:ghost_chest":1,"minecraft:chest":4,"biomesoplenty:high_grass_plant":1,"iceandfire:fire_lily":5,"minecraft:tall_grass":11,"minecraft:cobblestone":10,"minecraft:oak_planks":6,"minecraft:wall_torch":1,"minecraft:skeleton_skull":4,"minecraft:spruce_stairs":1,"minecraft:birch_planks":3,"minecraft:wheat":2,"minecraft:birch_leaves":6,"minecraft:stone_brick_stairs":3,"minecraft:wither_rose":3,"minecraft:grass":28,"minecraft:coal_ore":6,"minecraft:oak_log":36,"minecraft:dirt":23,"minecraft:cobweb":9,"minecraft:cracked_stone_bricks":2,"minecraft:stone_bricks":2,"minecraft:mossy_stone_bricks":3,"minecraft:fern":1,"minecraft:oak_leaves":8},"minecraft:custom":{"minecraft:interact_with_smithing_table":1,"minecraft:interact_with_anvil":1,"minecraft:mob_kills":84,"minecraft:interact_with_crafting_table":33,"minecraft:eat_cake_slice":4,"minecraft:leave_game":12,"minecraft:time_since_death":3002,"minecraft:climb_one_cm":8398,"minecraft:sprint_one_cm":313301,"minecraft:walk_one_cm":328041,"minecraft:damage_blocked_by_shield":1035,"minecraft:drop":62,"minecraft:talked_to_villager":1,"minecraft:raid_win":1,"minecraft:play_time":147535,"minecraft:deaths":11,"minecraft:sneak_time":8940,"minecraft:walk_under_water_one_cm":19885,"minecraft:jump":2572,"minecraft:walk_on_water_one_cm":29164,"minecraft:total_world_time":147535,"tombstone:raider_killed":1,"minecraft:sleep_in_bed":4,"minecraft:time_since_rest":2895,"minecraft:damage_taken":2147483647,"minecraft:trigger_trapped_chest":2,"minecraft:damage_dealt":13228,"minecraft:swim_one_cm":61919,"minecraft:fly_one_cm":642722,"minecraft:open_chest":59,"minecraft:crouch_one_cm":29813,"tombstone:undead_killed":13,"minecraft:interact_with_smoker":11,"minecraft:fall_one_cm":71051},"minecraft:killed":{"alexsmobs:hummingbird":1,"minecraft:spider":1,"minecraft:vindicator":1,"medieval_craft_weapons:archer":7,"medieval_craft_weapons:knight":7,"minecraft:skeleton":3,"medieval_craft_weapons:soldier":20,"minecraft:chicken":3,"medieval_craft_weapons:romanlegionary":11,"minecraft:sheep":6,"alexsmobs:crocodile":2,"minecraft:zombie":9,"iceandfire:ghost":1,"medieval_craft_weapons:romancenturion":2,"alexsmobs:gazelle":2,"medieval_craft_weapons:heavyknight":1,"minecraft:cow":3},"minecraft:used":{"minecraft:moss_carpet":4,"iceandfire:silver_sword":11,"minecraft:iron_bars":2,"minecraft:spruce_slab":1,"minecraft:stone_shovel":31,"minecraft:shield":35,"minecraft:iron_sword":5,"medieval_craft_weapons:sword_1":180,"medieval_craft_weapons:mighty_stick":5,"minecraft:cooked_chicken":3,"minecraft:iron_chestplate":1,"minecraft:torch":1,"minecraft:dirt":9,"minecraft:spruce_stairs":1,"minecraft:allium":1,"medieval_craft_weapons:lance":3,"minecraft:stone_brick_slab":1,"minecraft:bookshelf":3,"minecraft:red_wool":27,"minecraft:iron_helmet":1,"minecraft:iron_boots":1,"medieval_craft_weapons:vikingsword":94,"minecraft:diamond_chestplate":1,"minecraft:bow":8,"minecraft:oak_sapling":2,"tombstone:gift":4,"comforts:sleeping_bag_white":2,"minecraft:cooked_beef":7,"minecraft:iron_leggings":1,"minecraft:cooked_mutton":4,"minecraft:birch_planks":34,"minecraft:stone_pickaxe":32,"minecraft:baked_potato":42,"minecraft:oak_planks":82,"minecraft:wooden_pickaxe":57,"minecraft:sandstone":6,"minecraft:chainmail_helmet":1,"minecraft:diamond_axe":6,"minecraft:leather_boots":1,"minecraft:white_wool":1,"minecraft:oak_slab":12,"minecraft:crafting_table":7,"minecraft:shears":116,"minecraft:cake":1,"minecraft:smoker":3,"minecraft:oak_log":2,"minecraft:diamond_pickaxe":7,"minecraft:stone_axe":49,"minecraft:diamond_sword":110,"minecraft:cobblestone":28,"alexsmobs:animal_dictionary":1,"iceandfire:fire_lily":1},"minecraft:picked_up":{"medieval_craft_weapons:legionary_helmet":6,"minecraft:crafting_table":2,"minecraft:wheat":1,"minecraft:allium":1,"minecraft:anvil":1,"minecraft:chicken":3,"iceandfire:fire_lily":5,"minecraft:wooden_pickaxe":2,"minecraft:wither_rose":3,"medieval_craft_weapons:plate_boots":2,"minecraft:stone_brick_stairs":1,"alexsmobs:gazelle_horn":2,"minecraft:string":12,"minecraft:moss_carpet":4,"minecraft:iron_leggings":1,"minecraft:armor_stand":4,"iceandfire:graveyard_soil":1,"comforts:sleeping_bag_white":2,"minecraft:beef":7,"minecraft:spruce_slab":2,"minecraft:light_gray_wool":1,"minecraft:chest":5,"iceandfire:dragonscales_gray":14,"minecraft:iron_boots":1,"minecraft:egg":2,"iceandfire:dragonbone":2,"iceandfire:ghost_chest":1,"minecraft:stick":6,"minecraft:sandstone":6,"minecraft:torch":15,"medieval_craft_weapons:titanite_nugget_1":3,"minecraft:spruce_stairs":1,"biomesoplenty:wilted_lily":4,"medieval_craft_weapons:lance":1,"tombstone:grave_dust":1,"alexsmobs:crocodile_scute":2,"minecraft:arrow":6,"minecraft:rotten_flesh":11,"medieval_craft_weapons:mighty_stick":2,"minecraft:shears":1,"minecraft:mutton":8,"minecraft:white_wool":5,"minecraft:iron_bars":6,"minecraft:skeleton_skull":5,"biomesoplenty:orange_sand":1,"minecraft:cobblestone":54,"minecraft:feather":4,"minecraft:leather":3,"minecraft:smoker":3,"minecraft:birch_planks":19,"minecraft:oak_log":46,"medieval_craft_weapons:plate_chestplate":2,"minecraft:dirt":34,"minecraft:white_banner":1,"minecraft:bone":7,"minecraft:apple":1,"minecraft:wheat_seeds":9,"minecraft:cooked_chicken":22,"medieval_craft_weapons:gladius":2,"minecraft:oak_planks":5,"biomesoplenty:toadstool":1,"medieval_craft_weapons:plate_leggings":2,"minecraft:stone_brick_slab":1,"minecraft:red_wool":315,"iceandfire:dragon_skull_fire":1,"medieval_craft_weapons:legionary_chestplate":2,"medieval_craft_weapons:plate_helmet":2,"minecraft:spider_eye":2,"minecraft:diamond":13,"minecraft:stone_axe":1,"iceandfire:silver_sword":1,"minecraft:bread":4,"medieval_craft_weapons:vikingsword":1,"tombstone:magic_scroll":1,"minecraft:oak_sapling":7,"minecraft:coal":9,"iceandfire:raw_silver":1}},"DataVersion":3465}