{"stats":{"minecraft:killed":{"minecraft:spider":6,"medieval_craft_weapons:knight":26,"minecraft:skeleton":2,"medieval_craft_weapons:soldier":44,"alexsmobs:straddler":1,"minecraft:magma_cube":2,"minecraft:zombie_villager":1,"minecraft:creeper":1,"alexsmobs:crimson_mosquito":2,"minecraft:sheep":7,"minecraft:zombie":10,"minecraft:ghast":2,"minecraft:blaze":9,"minecraft:cow":8,"medieval_craft_weapons:heavyknight":7,"medieval_craft_weapons:archer":13,"minecraft:horse":1,"minecraft:drowned":2,"iceandfire:cyclops":1,"iceandfire:ghost":9,"minecraft:wither_skeleton":18,"minecraft:enderman":1},"minecraft:broken":{"minecraft:diamond_helmet":1,"minecraft:wooden_axe":1,"medieval_craft_weapons:mace":2,"minecraft:shield":1,"medieval_craft_weapons:sword_1":1},"minecraft:mined":{"minecraft:dark_oak_planks":4,"minecraft:spruce_planks":11,"iceandfire:copper_pile":2,"minecraft:red_nether_bricks":2,"biomesoplenty:brimstone":1,"minecraft:obsidian":3,"biomesoplenty:burning_blossom":7,"minecraft:grass_block":82,"iceandfire:lectern":1,"minecraft:nether_wart":1,"biomesoplenty:bramble_leaves":1,"minecraft:fire":74,"minecraft:nether_brick_stairs":7,"minecraft:enchanting_table":1,"iceandfire:gold_pile":12,"minecraft:spruce_slab":7,"minecraft:tripwire":6,"minecraft:brown_mushroom":1,"minecraft:smoker":1,"biomesoplenty:brimstone_fumarole":2,"minecraft:torch":2,"minecraft:chest":5,"minecraft:nether_quartz_ore":27,"minecraft:cobblestone":8,"minecraft:sugar_cane":8,"minecraft:oak_planks":46,"minecraft:wall_torch":6,"minecraft:skeleton_skull":2,"minecraft:birch_log":12,"minecraft:lilac":2,"minecraft:wither_rose":1,"minecraft:stone_brick_stairs":2,"minecraft:grass":42,"minecraft:oak_log":79,"minecraft:sand":6,"minecraft:dirt":66,"minecraft:tripwire_hook":2,"minecraft:netherrack":96,"minecraft:oak_leaves":11,"minecraft:nether_brick_wall":3,"minecraft:nether_bricks":16,"minecraft:birch_slab":1,"minecraft:cracked_nether_bricks":1,"minecraft:large_fern":2,"minecraft:furnace":1,"minecraft:nether_brick_fence":2,"biomesoplenty:high_grass":7,"minecraft:stripped_oak_log":1,"minecraft:stone":48,"iceandfire:podium_spruce":1,"biomesoplenty:rose_quartz_cluster":1,"minecraft:cake":1,"iceandfire:pixie_jar_empty":1,"minecraft:oak_slab":12,"minecraft:glass_pane":5,"minecraft:chiseled_nether_bricks":1,"minecraft:stone_brick_slab":3,"minecraft:crafting_table":2,"biomesoplenty:high_grass_plant":3,"minecraft:tall_grass":6,"biomesoplenty:sprout":14,"minecraft:yellow_bed":3,"iceandfire:silver_pile":3,"minecraft:cobweb":1,"minecraft:cracked_stone_bricks":4,"minecraft:stone_bricks":22,"minecraft:mossy_stone_bricks":1},"minecraft:dropped":{"minecraft:nether_brick_stairs":3,"minecraft:brown_mushroom":1,"minecraft:oak_log":5,"minecraft:crossbow":1,"minecraft:leather":3,"biomesoplenty:rose_quartz_chunk":2,"minecraft:cracked_stone_bricks":1,"minecraft:red_mushroom":1,"minecraft:gold_nugget":26,"minecraft:dark_oak_planks":5,"minecraft:white_wool":2,"minecraft:gold_ingot":22,"minecraft:gravel":20,"medieval_craft_weapons:sword_1":4,"alexsmobs:animal_dictionary":1,"medieval_craft_weapons:plate_leggings":1,"minecraft:obsidian":1,"minecraft:rotten_flesh":5,"minecraft:nether_brick_fence":2,"minecraft:gunpowder":2,"minecraft:quartz_block":4,"minecraft:leather_boots":1,"iceandfire:bestiary":1,"minecraft:leather_leggings":1,"minecraft:basalt":1,"minecraft:quartz":13,"minecraft:netherrack":1,"minecraft:iron_ingot":4,"minecraft:wheat_seeds":5,"minecraft:diamond_leggings":1,"minecraft:nether_brick_wall":3,"minecraft:chainmail_helmet":1,"minecraft:ink_sac":3,"minecraft:torch":1,"medieval_craft_weapons:plate_chestplate":1,"minecraft:potion":2,"medieval_craft_weapons:greathelmet_helmet":1,"minecraft:wither_rose":1,"minecraft:stone_brick_slab":1,"minecraft:stone_sword":3,"minecraft:nether_bricks":6,"minecraft:shears":1,"medieval_craft_weapons:mighty_stick":1,"minecraft:mossy_stone_bricks":1,"minecraft:oak_sapling":11,"minecraft:stone_bricks":12,"minecraft:diamond_boots":1,"minecraft:wooden_pickaxe":3},"minecraft:crafted":{"minecraft:oak_planks":528,"medieval_craft_weapons:pole_axe":1,"minecraft:birch_slab":42,"minecraft:cooked_mutton":10,"minecraft:glass":6,"minecraft:quartz_block":6,"ageofweapons:caveman_spear":1,"minecraft:diamond_leggings":2,"tombstone:grave_key":1,"minecraft:golden_boots":1,"minecraft:smoker":1,"minecraft:glass_bottle":6,"minecraft:oak_slab":18,"sophisticatedbackpacks:backpack":1,"minecraft:crafting_table":9,"minecraft:wooden_pickaxe":1,"minecraft:birch_planks":32,"minecraft:diamond_pickaxe":1,"minecraft:shield":2,"minecraft:stick":20,"minecraft:iron_pickaxe":1,"minecraft:stone_sword":1,"minecraft:gold_ingot":8,"minecraft:oak_door":3,"minecraft:furnace":3,"minecraft:diamond_boots":1,"medieval_craft_weapons:mighty_stick":1,"minecraft:dark_oak_planks":224,"minecraft:cooked_beef":11,"iceandfire:silver_ingot":1,"minecraft:stone_axe":1,"minecraft:air":0,"minecraft:oak_boat":1,"minecraft:golden_apple":1,"minecraft:wooden_axe":1,"minecraft:diamond_chestplate":1},"minecraft:used":{"iceandfire:lectern":1,"minecraft:spruce_slab":2,"minecraft:shield":73,"minecraft:chest":4,"medieval_craft_weapons:mighty_stick":21,"minecraft:soul_sand":8,"minecraft:nether_bricks":9,"aquaculture:synodontis":1,"minecraft:obsidian":10,"minecraft:birch_sapling":6,"minecraft:quartz_block":2,"minecraft:stone_bricks":11,"minecraft:bow":29,"medieval_craft_weapons:mace":63,"minecraft:furnace":4,"minecraft:oak_sapling":32,"minecraft:egg":1,"minecraft:oak_planks":295,"minecraft:blackstone":29,"minecraft:wooden_pickaxe":53,"minecraft:white_wool":1,"minecraft:golden_apple":4,"iceandfire:podium_spruce":1,"minecraft:shears":5,"waystones:waystone":1,"minecraft:lever":1,"minecraft:crying_obsidian":3,"minecraft:dark_oak_log":4,"minecraft:birch_slab":8,"minecraft:string":8,"minecraft:gravel":14,"medieval_craft_weapons:greatsword":90,"medieval_craft_weapons:pole_axe":97,"biomesoplenty:brimstone":1,"minecraft:stone_sword":64,"minecraft:flint_and_steel":1,"minecraft:spruce_planks":1,"medieval_craft_weapons:sword_1":564,"minecraft:cooked_chicken":50,"minecraft:netherrack":109,"minecraft:oak_door":3,"minecraft:torch":4,"minecraft:dirt":142,"iceandfire:copper_sword":25,"minecraft:nether_brick_stairs":4,"minecraft:stone_brick_slab":2,"minecraft:wooden_axe":69,"minecraft:dark_oak_planks":203,"minecraft:brick_stairs":1,"ageofweapons:caveman_spear":2,"minecraft:tripwire_hook":4,"tombstone:gift":4,"minecraft:cooked_beef":11,"biomesoplenty:burning_blossom":1,"minecraft:cooked_mutton":6,"minecraft:cobblestone_stairs":1,"minecraft:baked_potato":60,"minecraft:red_nether_bricks":2,"minecraft:chiseled_nether_bricks":1,"minecraft:cracked_stone_bricks":3,"minecraft:oak_slab":33,"minecraft:crafting_table":10,"minecraft:cake":1,"minecraft:smoker":3,"minecraft:oak_log":15,"minecraft:diamond_pickaxe":169,"minecraft:apple":2,"minecraft:iron_pickaxe":54,"minecraft:cracked_nether_bricks":1,"minecraft:stone_axe":101,"minecraft:cobblestone":12,"minecraft:cooked_porkchop":8,"minecraft:yellow_bed":3,"alexsmobs:animal_dictionary":2,"minecraft:stripped_oak_log":1},"minecraft:custom":{"minecraft:interact_with_crafting_table":36,"minecraft:open_barrel":23,"minecraft:leave_game":10,"minecraft:time_since_death":21369,"minecraft:sprint_one_cm":568595,"minecraft:damage_blocked_by_shield":874,"minecraft:drop":92,"minecraft:talked_to_villager":1,"minecraft:play_time":227774,"minecraft:deaths":15,"minecraft:jump":4394,"minecraft:walk_on_water_one_cm":47162,"minecraft:interact_with_furnace":18,"minecraft:sleep_in_bed":3,"minecraft:waystone_activated":3,"minecraft:damage_dealt":29065,"minecraft:crouch_one_cm":69285,"tombstone:undead_killed":42,"minecraft:interact_with_smoker":8,"minecraft:mob_kills":180,"minecraft:interact_with_anvil":1,"minecraft:climb_one_cm":1981,"minecraft:walk_one_cm":511541,"minecraft:damage_dealt_absorbed":80,"minecraft:sneak_time":20781,"minecraft:walk_under_water_one_cm":50751,"minecraft:total_world_time":227774,"minecraft:time_since_rest":21054,"minecraft:damage_taken":12276,"minecraft:damage_absorbed":159,"minecraft:trigger_trapped_chest":7,"minecraft:swim_one_cm":155518,"minecraft:fly_one_cm":1083989,"minecraft:open_chest":163,"minecraft:fall_one_cm":118724},"minecraft:killed_by":{"iceandfire:cyclops":2,"medieval_craft_weapons:archer":3,"medieval_craft_weapons:knight":1,"medieval_craft_weapons:soldier":1,"iceandfire:fire_dragon":4},"minecraft:picked_up":{"minecraft:music_disc_strad":1,"biomesoplenty:burning_blossom":7,"aquaculture:synodontis":1,"minecraft:nether_brick_fence":2,"minecraft:potion":2,"minecraft:wither_rose":1,"minecraft:stone_brick_stairs":1,"medieval_craft_weapons:pole_axe":2,"minecraft:string":30,"minecraft:red_nether_bricks":2,"minecraft:armor_stand":3,"biomesoplenty:brimstone":1,"alexsmobs:blood_sac":2,"minecraft:gold_nugget":124,"minecraft:spruce_planks":1,"ageofweapons:caveman_spear":1,"minecraft:furnace":1,"medieval_craft_weapons:mace":2,"minecraft:stick":13,"minecraft:torch":15,"minecraft:acacia_log":54,"tombstone:grave_dust":8,"minecraft:chiseled_nether_bricks":1,"minecraft:stone_sword":2,"minecraft:rotten_flesh":9,"biomesoplenty:rose_quartz_chunk":2,"minecraft:blaze_rod":3,"minecraft:obsidian":6,"minecraft:cobblestone":46,"minecraft:birch_log":12,"minecraft:enchanting_table":1,"minecraft:birch_slab":1,"minecraft:jungle_log":8,"minecraft:smoker":1,"medieval_craft_weapons:plate_chestplate":2,"minecraft:dirt":146,"minecraft:bone":22,"minecraft:wheat_seeds":7,"minecraft:mossy_stone_bricks":1,"minecraft:oak_planks":45,"medieval_craft_weapons:sword_1":4,"minecraft:ghast_tear":1,"minecraft:cooked_porkchop":18,"iceandfire:podium_spruce":1,"minecraft:sand":6,"minecraft:nether_brick_stairs":7,"minecraft:ink_sac":3,"medieval_craft_weapons:plate_helmet":2,"minecraft:spectral_arrow":18,"alexsmobs:animal_dictionary":1,"minecraft:dark_oak_log":40,"waystones:waystone":1,"iceandfire:lectern":1,"minecraft:lever":1,"minecraft:crossbow":1,"minecraft:oak_sapling":46,"minecraft:netherrack":112,"iceandfire:silver_nugget":10,"minecraft:crafting_table":1,"medieval_craft_weapons:brigandine_chestplate":1,"iceandfire:witherbone":12,"minecraft:nether_wart":4,"minecraft:leather_leggings":1,"minecraft:brown_mushroom":2,"minecraft:wooden_pickaxe":2,"medieval_craft_weapons:plate_boots":1,"minecraft:red_bed":1,"alexsmobs:pigshoes":1,"minecraft:blackstone":29,"iceandfire:bestiary":2,"minecraft:cracked_stone_bricks":4,"minecraft:beef":16,"minecraft:spruce_slab":8,"minecraft:chest":5,"minecraft:sugar_cane":20,"minecraft:birch_sapling":7,"minecraft:egg":1,"medieval_craft_weapons:titanite_nugget_1":6,"minecraft:fire_charge":2,"minecraft:cake":1,"minecraft:dark_oak_planks":4,"minecraft:arrow":30,"minecraft:nether_bricks":15,"minecraft:shears":1,"minecraft:gold_ingot":2,"minecraft:brick_stairs":1,"minecraft:mutton":11,"minecraft:nether_brick_wall":3,"minecraft:skeleton_skull":2,"minecraft:white_wool":10,"medieval_craft_weapons:greatsword":1,"minecraft:stripped_oak_log":1,"minecraft:basalt":1,"minecraft:tripwire_hook":4,"minecraft:leather":11,"minecraft:red_mushroom":1,"minecraft:oak_log":124,"iceandfire:ectoplasm":1,"minecraft:yellow_bed":3,"minecraft:gunpowder":2,"minecraft:cobblestone_stairs":1,"minecraft:apple":3,"minecraft:stone_bricks":23,"iceandfire:pixie_jar_empty":1,"medieval_craft_weapons:greathelmet_helmet":1,"minecraft:iron_ingot":8,"minecraft:soul_sand":8,"minecraft:book":3,"minecraft:oak_slab":18,"iceandfire:copper_nugget":14,"medieval_craft_weapons:plate_leggings":2,"minecraft:stone_brick_slab":3,"minecraft:quartz":37,"minecraft:cracked_nether_bricks":1,"minecraft:gravel":34,"minecraft:spruce_log":24,"minecraft:crying_obsidian":3,"minecraft:spider_eye":4,"tombstone:magic_scroll":1,"minecraft:coal":1,"minecraft:ender_pearl":1}},"DataVersion":3465}