{"stats":{"minecraft:broken":{"minecraft:golden_boots":1,"minecraft:diamond_helmet":1,"minecraft:wooden_axe":1,"medieval_craft_weapons:mace":2,"minecraft:diamond_leggings":1,"minecraft:shield":1,"medieval_craft_weapons:sword_1":1},"minecraft:mined":{"minecraft:dark_oak_planks":4,"minecraft:spruce_planks":13,"iceandfire:copper_pile":2,"minecraft:red_nether_bricks":2,"biomesoplenty:brimstone":1,"minecraft:obsidian":3,"biomesoplenty:burning_blossom":7,"unusualprehistory:deepslate_opal_ore":3,"minecraft:acacia_log":11,"minecraft:grass_block":82,"iceandfire:lectern":1,"minecraft:nether_wart":1,"minecraft:spawner":1,"biomesoplenty:bramble_leaves":1,"minecraft:barrel":2,"minecraft:fire":103,"minecraft:nether_brick_stairs":7,"minecraft:enchanting_table":1,"iceandfire:gold_pile":12,"minecraft:spruce_slab":7,"minecraft:tripwire":6,"minecraft:brown_mushroom":1,"minecraft:smoker":1,"biomesoplenty:brimstone_fumarole":2,"minecraft:torch":2,"minecraft:chest":5,"minecraft:nether_quartz_ore":27,"minecraft:cobblestone":10,"minecraft:sugar_cane":8,"minecraft:oak_planks":46,"minecraft:iron_door":1,"minecraft:wall_torch":6,"minecraft:skeleton_skull":2,"minecraft:birch_log":12,"minecraft:lilac":2,"minecraft:tnt":1,"minecraft:wither_rose":1,"minecraft:stone_brick_stairs":2,"minecraft:grass":57,"minecraft:oak_log":79,"minecraft:sand":6,"minecraft:dirt":66,"minecraft:tripwire_hook":2,"minecraft:netherrack":96,"minecraft:deepslate":4,"minecraft:oak_leaves":12,"minecraft:nether_brick_wall":3,"minecraft:end_stone":12,"minecraft:chiseled_bookshelf":1,"minecraft:nether_bricks":16,"minecraft:birch_slab":1,"minecraft:cracked_nether_bricks":1,"minecraft:large_fern":2,"minecraft:furnace":1,"minecraft:nether_brick_fence":2,"biomesoplenty:high_grass":7,"minecraft:stripped_oak_log":1,"minecraft:stone":49,"iceandfire:podium_spruce":1,"biomesoplenty:rose_quartz_cluster":1,"minecraft:cake":1,"iceandfire:pixie_jar_empty":1,"minecraft:oak_slab":12,"minecraft:glass_pane":5,"minecraft:chiseled_nether_bricks":1,"minecraft:infested_stone_bricks":1,"minecraft:stone_brick_slab":3,"minecraft:crafting_table":2,"biomesoplenty:high_grass_plant":3,"minecraft:tall_grass":6,"biomesoplenty:sprout":16,"minecraft:black_wall_banner":1,"minecraft:gray_bed":1,"minecraft:yellow_bed":3,"iceandfire:silver_pile":3,"minecraft:cobweb":1,"minecraft:cracked_stone_bricks":4,"minecraft:stone_bricks":23,"minecraft:mossy_stone_bricks":1},"minecraft:killed_by":{"iceandfire:cyclops":2,"alexsmobs:elephant":1,"medieval_craft_weapons:archer":3,"medieval_craft_weapons:knight":1,"medieval_craft_weapons:soldier":1,"iceandfire:fire_dragon":4,"minecraft:player":1,"minecraft:ender_dragon":5,"iceandfire:lightning_dragon":1},"minecraft:crafted":{"minecraft:oak_planks":532,"minecraft:acacia_pressure_plate":1,"minecraft:blaze_powder":10,"medieval_craft_weapons:pole_axe":1,"minecraft:birch_slab":42,"minecraft:cooked_mutton":10,"minecraft:quartz_block":6,"minecraft:glass":6,"ageofweapons:caveman_spear":1,"minecraft:diamond_helmet":1,"minecraft:diamond_leggings":2,"iceandfire:dragonbone_sword_lightning":2,"tombstone:grave_key":1,"minecraft:ender_eye":11,"minecraft:smoker":1,"minecraft:golden_boots":1,"minecraft:glass_bottle":6,"minecraft:oak_slab":18,"sophisticatedbackpacks:backpack":1,"minecraft:crafting_table":13,"minecraft:spruce_planks":256,"minecraft:wooden_pickaxe":1,"alexsmobs:enderiophage_rocket":6,"minecraft:birch_planks":32,"iceandfire:dragonsteel_lightning_sword":1,"minecraft:diamond_pickaxe":1,"minecraft:shield":4,"minecraft:stick":44,"minecraft:iron_pickaxe":1,"minecraft:stone_sword":1,"minecraft:gold_ingot":8,"minecraft:oak_door":3,"minecraft:iron_nugget":9,"minecraft:furnace":3,"minecraft:diamond_boots":1,"medieval_craft_weapons:mighty_stick":1,"minecraft:dark_oak_planks":224,"minecraft:cooked_beef":18,"iceandfire:dragonbone_sword":2,"iceandfire:silver_ingot":1,"minecraft:stone_axe":1,"minecraft:air":0,"minecraft:oak_boat":1,"minecraft:golden_apple":1,"minecraft:wooden_axe":1,"minecraft:acacia_planks":16,"minecraft:torch":60,"minecraft:diamond_chestplate":1},"minecraft:used":{"iceandfire:lectern":1,"iceandfire:dragonsteel_lightning_chestplate":1,"minecraft:spruce_slab":2,"minecraft:chest":4,"minecraft:shield":76,"tombstone:scroll_of_purification":1,"medieval_craft_weapons:mighty_stick":21,"minecraft:soul_sand":8,"minecraft:nether_bricks":9,"aquaculture:synodontis":1,"minecraft:obsidian":10,"iceandfire:crackled_gravel":2,"minecraft:birch_sapling":6,"minecraft:quartz_block":2,"iceandfire:ghost_chest":1,"minecraft:stone_bricks":11,"minecraft:bow":36,"medieval_craft_weapons:mace":63,"minecraft:oak_sapling":32,"minecraft:furnace":4,"minecraft:egg":2,"minecraft:oak_planks":295,"minecraft:blackstone":29,"minecraft:ender_pearl":5,"minecraft:wooden_pickaxe":53,"minecraft:white_wool":1,"minecraft:golden_apple":5,"iceandfire:podium_spruce":1,"iceandfire:dragonbone_sword_lightning":12,"minecraft:end_stone":21,"minecraft:shears":5,"waystones:waystone":1,"alexsmobs:cosmic_cod":1,"minecraft:lever":1,"minecraft:crying_obsidian":3,"minecraft:dark_oak_log":4,"minecraft:birch_slab":8,"minecraft:bread":9,"minecraft:string":8,"minecraft:gravel":37,"medieval_craft_weapons:greatsword":108,"medieval_craft_weapons:pole_axe":109,"ageofweapons:excalibur":4,"minecraft:experience_bottle":4,"biomesoplenty:brimstone":1,"minecraft:stone_sword":64,"minecraft:flint_and_steel":3,"minecraft:spruce_planks":217,"medieval_craft_weapons:sword_1":564,"minecraft:cooked_chicken":50,"minecraft:netherrack":111,"minecraft:oak_door":3,"minecraft:torch":51,"minecraft:end_stone_brick_wall":1,"minecraft:dirt":166,"iceandfire:copper_sword":26,"minecraft:nether_brick_stairs":4,"minecraft:dark_oak_planks":203,"minecraft:stone_brick_slab":2,"minecraft:wooden_axe":69,"minecraft:brick_stairs":1,"ageofweapons:caveman_spear":2,"minecraft:barrel":4,"minecraft:tripwire_hook":4,"ageofweapons:nightmare_scythe":3,"alexsmobs:enderiophage_rocket":4,"minecraft:cobbled_deepslate":2,"tombstone:gift":5,"minecraft:cooked_beef":20,"biomesoplenty:burning_blossom":1,"minecraft:cooked_mutton":13,"minecraft:cobblestone_stairs":1,"minecraft:glass_bottle":1,"minecraft:baked_potato":60,"minecraft:red_nether_bricks":2,"minecraft:chiseled_nether_bricks":1,"iceandfire:dragon_skull_lightning":4,"minecraft:cracked_stone_bricks":3,"minecraft:oak_slab":33,"minecraft:crafting_table":14,"minecraft:cake":1,"minecraft:smoker":3,"minecraft:oak_log":33,"minecraft:ender_eye":11,"minecraft:diamond_pickaxe":201,"minecraft:apple":2,"minecraft:iron_pickaxe":54,"minecraft:cracked_nether_bricks":1,"minecraft:stone_axe":101,"minecraft:cobblestone":14,"minecraft:potion":1,"minecraft:acacia_pressure_plate":1,"iceandfire:dragonsteel_lightning_sword":124,"minecraft:cooked_porkchop":22,"minecraft:yellow_bed":3,"alexsmobs:animal_dictionary":2,"minecraft:stripped_oak_log":1,"alexsmobs:emu_egg":2},"minecraft:custom":{"minecraft:interact_with_crafting_table":47,"minecraft:open_barrel":43,"minecraft:bell_ring":7,"minecraft:leave_game":11,"minecraft:time_since_death":3675,"minecraft:sprint_one_cm":732804,"minecraft:damage_blocked_by_shield":964,"minecraft:drop":153,"minecraft:talked_to_villager":1,"minecraft:play_time":323224,"minecraft:deaths":26,"minecraft:jump":5731,"minecraft:walk_on_water_one_cm":48776,"minecraft:interact_with_furnace":19,"minecraft:interact_with_loom":4,"minecraft:sleep_in_bed":3,"minecraft:waystone_activated":4,"minecraft:damage_dealt":43287,"minecraft:player_kills":1,"minecraft:crouch_one_cm":80335,"tombstone:undead_killed":64,"minecraft:interact_with_smoker":11,"minecraft:interact_with_anvil":4,"minecraft:mob_kills":231,"minecraft:damage_dealt_resisted":283,"minecraft:climb_one_cm":1981,"minecraft:walk_one_cm":728325,"minecraft:damage_dealt_absorbed":86,"minecraft:sneak_time":25714,"minecraft:walk_under_water_one_cm":57065,"minecraft:interact_with_blast_furnace":1,"minecraft:total_world_time":323224,"minecraft:interact_with_stonecutter":1,"minecraft:time_since_rest":3378,"minecraft:damage_taken":18116,"minecraft:damage_absorbed":161,"minecraft:trigger_trapped_chest":20,"tombstone:cast_on_ally":3,"minecraft:swim_one_cm":155518,"minecraft:fly_one_cm":2203638,"minecraft:open_chest":216,"minecraft:fall_one_cm":166372},"minecraft:killed":{"alexsmobs:cosmic_cod":1,"minecraft:spider":10,"alexsmobs:enderiophage":4,"medieval_craft_weapons:knight":26,"minecraft:shulker":2,"minecraft:skeleton":8,"medieval_craft_weapons:soldier":44,"minecraft:silverfish":2,"alexsmobs:straddler":1,"alexsmobs:centipede_head":1,"minecraft:magma_cube":2,"minecraft:zombie_villager":1,"minecraft:ender_dragon":1,"minecraft:creeper":1,"alexsmobs:crimson_mosquito":2,"minecraft:sheep":7,"minecraft:zombie":16,"minecraft:ghast":2,"minecraft:blaze":9,"minecraft:cow":8,"medieval_craft_weapons:heavyknight":7,"medieval_craft_weapons:archer":13,"minecraft:horse":1,"minecraft:drowned":2,"iceandfire:cyclops":1,"minecraft:hoglin":1,"iceandfire:ghost":19,"alexsmobs:gazelle":2,"minecraft:wither_skeleton":18,"minecraft:enderman":5},"minecraft:picked_up":{"minecraft:music_disc_strad":1,"biomesoplenty:burning_blossom":7,"aquaculture:synodontis":1,"minecraft:nether_brick_fence":2,"minecraft:potion":3,"minecraft:wither_rose":1,"minecraft:enchanted_book":4,"minecraft:stone_brick_stairs":1,"minecraft:golden_sword":1,"alexsmobs:gazelle_horn":2,"medieval_craft_weapons:pole_axe":2,"minecraft:string":33,"minecraft:smooth_stone_slab":1,"minecraft:red_nether_bricks":2,"minecraft:armor_stand":3,"biomesoplenty:brimstone":1,"minecraft:cobbled_deepslate":5,"alexsmobs:blood_sac":3,"minecraft:gold_nugget":126,"minecraft:spruce_planks":3,"ageofweapons:caveman_spear":1,"ageofweapons:excalibur":1,"minecraft:furnace":1,"medieval_craft_weapons:mace":2,"minecraft:stick":15,"minecraft:torch":18,"minecraft:acacia_log":61,"minecraft:porkchop":1,"minecraft:golden_axe":1,"iceandfire:crackled_gravel":2,"tombstone:grave_dust":8,"minecraft:chiseled_nether_bricks":1,"minecraft:stone_sword":3,"minecraft:rotten_flesh":15,"biomesoplenty:rose_quartz_chunk":2,"alexsmobs:capsid":3,"alexsmobs:emu_egg":2,"minecraft:blaze_rod":5,"minecraft:obsidian":9,"minecraft:blaze_powder":4,"minecraft:cobblestone":51,"minecraft:enchanting_table":1,"minecraft:birch_log":12,"minecraft:feather":7,"minecraft:cooked_beef":3,"minecraft:iron_door":1,"minecraft:birch_slab":1,"minecraft:jungle_log":8,"minecraft:acacia_leaves":8,"minecraft:smoker":1,"alexsmobs:cooked_kangaroo_meat":6,"medieval_craft_weapons:plate_chestplate":2,"minecraft:map":1,"minecraft:dirt":146,"minecraft:bone":34,"minecraft:acacia_planks":12,"minecraft:wheat_seeds":8,"minecraft:mossy_stone_bricks":2,"minecraft:oak_planks":45,"medieval_craft_weapons:sword_1":4,"minecraft:ghast_tear":1,"minecraft:cooked_porkchop":19,"iceandfire:podium_spruce":1,"minecraft:sand":6,"minecraft:barrel":9,"minecraft:nether_brick_stairs":7,"minecraft:ink_sac":14,"medieval_craft_weapons:plate_helmet":3,"alexsmobs:animal_dictionary":1,"iceandfire:dragonbone_sword_lightning":2,"minecraft:spectral_arrow":18,"minecraft:dark_oak_log":40,"minecraft:bundle":1,"minecraft:polished_andesite":1,"alexsmobs:kangaroo_hide":2,"minecraft:diamond":2,"minecraft:lever":1,"iceandfire:lectern":1,"waystones:waystone":1,"minecraft:writable_book":2,"minecraft:crossbow":1,"minecraft:golden_horse_armor":1,"iceandfire:troll_leather_forest":3,"minecraft:oak_sapling":46,"minecraft:netherrack":112,"iceandfire:silver_nugget":10,"minecraft:oak_leaves":1,"iceandfire:raw_silver":3,"iceandfire:dragon_skull_lightning":4,"minecraft:crafting_table":1,"medieval_craft_weapons:brigandine_chestplate":1,"iceandfire:witherbone":18,"minecraft:nether_wart":5,"minecraft:leather_leggings":1,"minecraft:brown_mushroom":6,"minecraft:wooden_pickaxe":2,"minecraft:stone_brick_wall":2,"medieval_craft_weapons:plate_boots":1,"minecraft:diamond_horse_armor":1,"iceandfire:dragonsteel_lightning_boots":1,"minecraft:end_stone_brick_wall":1,"unusualprehistory:opal_chunk":2,"minecraft:red_bed":1,"alexsmobs:pigshoes":1,"minecraft:iron_axe":4,"minecraft:flint_and_steel":1,"minecraft:item_frame":14,"minecraft:blackstone":29,"minecraft:cracked_stone_bricks":5,"iceandfire:bestiary":2,"minecraft:beef":16,"minecraft:spruce_slab":8,"minecraft:chest":5,"minecraft:sugar_cane":20,"minecraft:birch_sapling":7,"minecraft:egg":11,"minecraft:end_stone":41,"iceandfire:dragonbone":18,"medieval_craft_weapons:titanite_nugget_1":8,"minecraft:fire_charge":2,"minecraft:cake":1,"iceandfire:dragonsteel_lightning_chestplate":1,"minecraft:redstone":42,"minecraft:dark_oak_planks":4,"minecraft:tnt":2,"iceandfire:silver_ingot":4,"minecraft:arrow":37,"minecraft:nether_bricks":15,"minecraft:shears":1,"minecraft:diamond_boots":2,"minecraft:black_banner":1,"sophisticatedbackpacks:copper_backpack":1,"minecraft:gold_ingot":11,"minecraft:brick_stairs":1,"minecraft:mutton":11,"minecraft:nether_brick_wall":3,"minecraft:skeleton_skull":3,"minecraft:white_wool":10,"medieval_craft_weapons:greatsword":1,"minecraft:stripped_oak_log":1,"minecraft:air":0,"minecraft:basalt":1,"minecraft:glow_ink_sac":4,"minecraft:tripwire_hook":4,"minecraft:magenta_banner":1,"iceandfire:dragonsteel_lightning_ingot":5,"minecraft:leather":11,"alexsmobs:acacia_blossom":1,"minecraft:red_mushroom":4,"minecraft:oak_log":124,"iceandfire:ectoplasm":1,"minecraft:yellow_bed":3,"minecraft:gunpowder":2,"minecraft:cobblestone_stairs":1,"minecraft:paper":1,"iceandfire:dragonsteel_lightning_leggings":1,"minecraft:apple":7,"minecraft:stone_bricks":27,"iceandfire:pixie_jar_empty":1,"medieval_craft_weapons:greathelmet_helmet":1,"alexsmobs:cockroach_wing_fragment":1,"minecraft:iron_ingot":11,"minecraft:cobweb":10,"minecraft:gray_bed":1,"minecraft:iron_sword":1,"minecraft:acacia_sapling":7,"minecraft:soul_sand":8,"minecraft:book":11,"minecraft:polished_andesite_stairs":2,"minecraft:oak_slab":18,"iceandfire:copper_nugget":62,"medieval_craft_weapons:plate_leggings":2,"minecraft:stone_brick_slab":5,"iceandfire:ash":1,"minecraft:quartz":37,"minecraft:cracked_nether_bricks":1,"minecraft:gravel":57,"iceandfire:dragonsteel_lightning_block":1,"minecraft:spruce_log":24,"minecraft:dragon_egg":1,"minecraft:crying_obsidian":3,"minecraft:spider_eye":4,"biomesoplenty:bramble":8,"tombstone:magic_scroll":2,"minecraft:shulker_shell":1,"minecraft:coal":27,"alexsmobs:cosmic_cod":2,"minecraft:ender_pearl":17},"minecraft:dropped":{"minecraft:nether_brick_stairs":3,"iceandfire:dragonsteel_lightning_block":1,"minecraft:brown_mushroom":4,"minecraft:oak_log":5,"minecraft:glow_ink_sac":4,"minecraft:glass_bottle":4,"minecraft:crossbow":1,"minecraft:leather":3,"biomesoplenty:rose_quartz_chunk":2,"minecraft:cracked_stone_bricks":1,"minecraft:dragon_breath":1,"minecraft:red_mushroom":1,"minecraft:gold_nugget":26,"minecraft:dark_oak_planks":5,"minecraft:white_wool":2,"biomesoplenty:burning_blossom":6,"minecraft:gold_ingot":22,"minecraft:bone":8,"minecraft:gravel":20,"medieval_craft_weapons:sword_1":4,"minecraft:iron_nugget":5,"biomesoplenty:bramble":8,"medieval_craft_weapons:plate_boots":1,"minecraft:cobbled_deepslate":3,"alexsmobs:animal_dictionary":1,"medieval_craft_weapons:plate_leggings":2,"minecraft:wheat":4,"minecraft:obsidian":2,"tombstone:gift":1,"minecraft:rotten_flesh":7,"minecraft:blaze_powder":2,"minecraft:nether_brick_fence":2,"minecraft:gunpowder":2,"minecraft:quartz_block":4,"minecraft:leather_boots":1,"minecraft:acacia_sapling":5,"iceandfire:bestiary":1,"minecraft:leather_leggings":1,"minecraft:basalt":1,"minecraft:ghast_tear":1,"minecraft:quartz":13,"minecraft:netherrack":1,"minecraft:iron_ingot":4,"minecraft:wheat_seeds":5,"minecraft:diamond_leggings":1,"medieval_craft_weapons:plate_helmet":2,"minecraft:cobblestone":1,"minecraft:spectral_arrow":18,"minecraft:nether_brick_wall":3,"minecraft:acacia_log":3,"minecraft:chainmail_helmet":1,"minecraft:polished_andesite":1,"minecraft:stick":2,"minecraft:ink_sac":3,"iceandfire:copper_nugget":106,"minecraft:torch":1,"minecraft:gray_bed":1,"medieval_craft_weapons:plate_chestplate":1,"minecraft:iron_door":1,"minecraft:potion":2,"minecraft:polished_andesite_stairs":2,"medieval_craft_weapons:greathelmet_helmet":1,"minecraft:wither_rose":1,"medieval_craft_weapons:brigandine_chestplate":1,"minecraft:string":17,"ageofweapons:excalibur":1,"minecraft:acacia_planks":8,"minecraft:redstone":25,"minecraft:stone_brick_slab":1,"alexsmobs:acacia_blossom":1,"minecraft:stone_sword":3,"minecraft:smooth_stone_slab":1,"sophisticatedbackpacks:backpack":1,"minecraft:nether_bricks":6,"minecraft:shears":1,"minecraft:pumpkin_seeds":3,"minecraft:shield":1,"iceandfire:copper_sword":1,"medieval_craft_weapons:mighty_stick":1,"minecraft:diamond_chestplate":1,"minecraft:mossy_stone_bricks":1,"minecraft:oak_sapling":11,"minecraft:stone_bricks":13,"medieval_craft_weapons:titanite_nugget_1":3,"minecraft:diamond_boots":4,"iceandfire:dragonbone_sword_lightning":2,"minecraft:wooden_pickaxe":3,"medieval_craft_weapons:pole_axe":1}},"DataVersion":3465}