{"stats":{"minecraft:broken":{"medieval_craft_weapons:mighty_stick":1},"minecraft:dropped":{"biomesoplenty:toadstool":1,"minecraft:wheat_seeds":3,"alexsmobs:gazelle_horn":2,"minecraft:rotten_flesh":6,"minecraft:light_gray_wool":1,"iceandfire:fire_lily":1,"iceandfire:graveyard_soil":1,"minecraft:dirt":25,"biomesoplenty:wilted_lily":4,"minecraft:wooden_pickaxe":2},"minecraft:killed_by":{"alexsmobs:crocodile":2,"medieval_craft_weapons:heavyknight":1,"iceandfire:ghost":2,"medieval_craft_weapons:knight":1,"medieval_craft_weapons:soldier":2},"minecraft:crafted":{"minecraft:cooked_beef":7,"minecraft:oak_planks":64,"minecraft:stone_shovel":1,"minecraft:crafting_table":2,"minecraft:wooden_pickaxe":1,"comforts:sleeping_bag_white":1,"minecraft:cooked_chicken":3,"minecraft:furnace":1,"minecraft:stone_axe":2,"minecraft:cooked_mutton":7,"minecraft:air":0,"minecraft:shield":1,"minecraft:stick":12,"minecraft:stone_pickaxe":2,"minecraft:stone_sword":1,"minecraft:acacia_planks":20,"minecraft:smoker":1},"minecraft:mined":{"iceandfire:graveyard_soil":3,"iceandfire:silver_ore":1,"biomesoplenty:orange_sand":1,"minecraft:smoker":3,"biomesoplenty:desert_grass":4,"minecraft:crafting_table":2,"biomesoplenty:bush":3,"minecraft:grass_block":13,"minecraft:chest":4,"iceandfire:fire_lily":5,"minecraft:cobblestone":3,"minecraft:tall_grass":11,"biomesoplenty:wilted_lily":6,"biomesoplenty:dead_grass":3,"minecraft:oak_planks":2,"biomesoplenty:dune_grass":15,"minecraft:skeleton_skull":2,"minecraft:large_fern":1,"minecraft:spruce_stairs":1,"minecraft:birch_leaves":6,"minecraft:wither_rose":2,"minecraft:stone_brick_stairs":1,"minecraft:grass":28,"minecraft:coal_ore":6,"minecraft:oak_log":20,"minecraft:vine":3,"minecraft:iron_bars":2,"minecraft:dirt":21,"minecraft:cracked_stone_bricks":2,"minecraft:oak_leaves":5,"minecraft:stone":39,"minecraft:stone_bricks":2,"minecraft:mossy_stone_bricks":3},"minecraft:custom":{"minecraft:interact_with_smithing_table":1,"minecraft:mob_kills":29,"minecraft:interact_with_crafting_table":23,"minecraft:leave_game":9,"minecraft:time_since_death":3935,"minecraft:sleep_in_bed":2,"minecraft:climb_one_cm":5956,"minecraft:time_since_rest":3045,"minecraft:sprint_one_cm":200029,"minecraft:damage_taken":3422,"minecraft:walk_one_cm":184422,"minecraft:damage_blocked_by_shield":486,"minecraft:trigger_trapped_chest":2,"minecraft:drop":18,"minecraft:damage_dealt":4088,"minecraft:swim_one_cm":37543,"minecraft:fly_one_cm":434945,"minecraft:open_chest":20,"minecraft:crouch_one_cm":8730,"minecraft:play_time":86188,"tombstone:undead_killed":6,"minecraft:deaths":8,"minecraft:sneak_time":3573,"minecraft:walk_under_water_one_cm":17184,"minecraft:jump":1705,"minecraft:walk_on_water_one_cm":19286,"minecraft:total_world_time":86188,"minecraft:interact_with_smoker":11,"minecraft:fall_one_cm":44280},"minecraft:killed":{"alexsmobs:hummingbird":1,"medieval_craft_weapons:archer":2,"medieval_craft_weapons:knight":1,"minecraft:sheep":6,"minecraft:skeleton":3,"medieval_craft_weapons:soldier":1,"alexsmobs:crocodile":2,"minecraft:zombie":2,"iceandfire:ghost":1,"minecraft:chicken":3,"alexsmobs:gazelle":2,"medieval_craft_weapons:heavyknight":1,"minecraft:cow":3},"minecraft:used":{"minecraft:cooked_mutton":4,"minecraft:moss_carpet":4,"minecraft:birch_planks":7,"minecraft:baked_potato":11,"minecraft:stone_pickaxe":22,"minecraft:stone_shovel":31,"minecraft:oak_planks":43,"minecraft:shield":15,"minecraft:wooden_pickaxe":48,"minecraft:chainmail_helmet":1,"medieval_craft_weapons:sword_1":32,"medieval_craft_weapons:mighty_stick":5,"minecraft:leather_boots":1,"minecraft:cooked_chicken":1,"minecraft:iron_chestplate":1,"minecraft:white_wool":1,"minecraft:dirt":3,"minecraft:crafting_table":3,"minecraft:spruce_stairs":1,"minecraft:allium":1,"minecraft:smoker":3,"medieval_craft_weapons:lance":3,"medieval_craft_weapons:vikingsword":94,"minecraft:stone_axe":23,"minecraft:cobblestone":16,"minecraft:oak_sapling":2,"comforts:sleeping_bag_white":2,"tombstone:gift":2,"alexsmobs:animal_dictionary":1,"iceandfire:fire_lily":1,"minecraft:cooked_beef":7},"minecraft:picked_up":{"minecraft:crafting_table":2,"minecraft:allium":1,"minecraft:feather":4,"minecraft:chicken":3,"iceandfire:fire_lily":5,"minecraft:leather":3,"minecraft:wooden_pickaxe":2,"minecraft:smoker":3,"minecraft:birch_planks":16,"minecraft:wither_rose":2,"minecraft:oak_log":20,"minecraft:string":2,"alexsmobs:gazelle_horn":2,"minecraft:dirt":31,"minecraft:moss_carpet":4,"minecraft:iron_leggings":1,"minecraft:bone":7,"iceandfire:graveyard_soil":1,"minecraft:wheat_seeds":4,"comforts:sleeping_bag_white":2,"minecraft:beef":7,"minecraft:cooked_chicken":2,"minecraft:light_gray_wool":1,"minecraft:chest":4,"minecraft:oak_planks":1,"biomesoplenty:toadstool":1,"minecraft:iron_boots":1,"minecraft:egg":2,"minecraft:stick":4,"minecraft:torch":1,"medieval_craft_weapons:titanite_nugget_1":1,"minecraft:spruce_stairs":1,"biomesoplenty:wilted_lily":4,"medieval_craft_weapons:lance":1,"alexsmobs:crocodile_scute":2,"minecraft:arrow":6,"minecraft:rotten_flesh":6,"medieval_craft_weapons:mighty_stick":2,"minecraft:oak_sapling":5,"medieval_craft_weapons:vikingsword":1,"iceandfire:raw_silver":1,"minecraft:white_wool":5,"minecraft:mutton":8,"minecraft:iron_bars":2,"minecraft:coal":9,"minecraft:skeleton_skull":2,"biomesoplenty:orange_sand":1,"minecraft:cobblestone":44}},"DataVersion":3465}