{"stats":{"minecraft:crafted":{"immersiveengineering:hammer":1,"biomesoplenty:mahogany_planks":40,"minecraft:furnace":2,"create:iron_sheet":1,"minecraft:leather":13,"immersiveengineering:wirecutter":1,"sophisticatedbackpacks:backpack":1,"minecraft:crafting_table":1,"minecraft:chainmail_chestplate":1,"minecraft:stone_axe":1,"minecraft:air":105,"minecraft:stick":4,"apocalypsenow:cooked_human_flesh":7,"minecraft:iron_ingot":12,"minecraft:wooden_axe":1},"minecraft:used":{"pfm:oak_gray_simple_bed":2,"biomesoplenty:mahogany_planks":42,"minecraft:acacia_log":1,"minecraft:chest":6,"minecraft:torch":9,"minecraft:dirt":29,"minecraft:lily_of_the_valley":1,"minecraft:wooden_axe":35,"apocalypsenow:baseball_bat":33,"simplylight:lamp_post":5,"carryon:tile_item":2,"minecraft:furnace":2,"apocalypsenow:cooked_human_flesh":1,"minecraft:stone_pickaxe":69,"biomesoplenty:mahogany_trapdoor":3,"minecraft:wooden_pickaxe":17,"minecraft:crafting_table":3,"minecraft:smoker":1,"minecraft:apple":3,"apocalypsenow:iron_baseball_bat":70,"minecraft:melon_slice":42,"minecraft:iron_pickaxe":40,"minecraft:stone_axe":18,"minecraft:cobblestone":24,"minecraft:potion":9,"chalk:blue_chalk":2},"minecraft:dropped":{"quark:oak_hedge":1,"another_furniture:dark_oak_planter_box":1,"farmersdelight:skillet":4,"minecraft:crafting_table":1,"minecraft:dirt":1,"solcarrot:food_book":1,"ftbquests:book":1,"minecraft:spruce_sapling":3,"minecraft:bone":6,"minecraft:bricks":2,"minecraft:sweet_berries":3,"quark:dark_oak_hedge":1,"alexsmobs:animal_dictionary":1,"minecraft:smooth_stone_slab":2,"minecraft:chicken":1,"minecraft:rotten_flesh":6,"patchouli:guide_book":1,"apocalypsenow:construction_chestplate":1,"apocalypsenow:rolling_pin":2,"immersiveengineering:manual":1,"pfm:furniture_book":1,"minecraft:wooden_pickaxe":1},"minecraft:killed":{"hordes:zombie_player":2,"undead_revamp2:thesmoker":1,"undead_revamp2:crackleball":7,"zombiemobs:zombie_pig":1,"zombie_extreme:crawler":1,"minecraft:husk":9,"minecraft:zombie":14,"alexsmobs:fly":1},"minecraft:mined":{"farmersdelight:honey_glazed_ham_block":2,"minecraft:acacia_log":1,"minecraft:grass_block":11,"create:depot":1,"rocks:jungle_stick":2,"minecraft:spruce_leaves":11,"pfm:white_stove":1,"rocks:rock":1,"minecraft:spawner":3,"create:framed_glass_pane":2,"minecraft:iron_ore":12,"immersiveengineering:capacitor_mv":1,"rocks:oak_stick":1,"minecraft:bookshelf":6,"rocks:birch_stick":1,"immersiveengineering:light_engineering":1,"minecraft:stone":54,"simplylight:lamp_post":5,"create:dark_oak_window_pane":2,"farmersdelight:cooking_pot":1,"minecraft:quartz_block":1,"lootr:lootr_chest":1,"minecraft:lily_of_the_valley":1,"another_furniture:dark_oak_planter_box":1,"minecraft:crafting_table":2,"minecraft:torch":2,"create:framed_glass_door":1,"minecraft:gray_stained_glass":3,"minecraft:melon":17,"minecraft:chest":4,"minecraft:cobblestone":1,"minecraft:bricks":2,"minecraft:wall_torch":3,"biomesoplenty:mahogany_trapdoor":1,"biomesoplenty:mahogany_log":9,"minecraft:light_gray_stained_glass":1,"farmersdelight:cutting_board":1,"minecraft:sweet_berry_bush":2,"cfm:stripped_spruce_table":1,"minecraft:smooth_stone_slab":2,"minecraft:grass":3,"minecraft:coal_ore":11,"minecraft:oak_log":2,"quark:oak_hedge":1,"create:framed_glass_trapdoor":1,"create:mechanical_crafter":2,"create:stressometer":1,"minecraft:dirt":20,"quark:dark_oak_hedge":1,"pfm:oak_gray_simple_bed":3,"minecraft:oak_leaves":1,"minecraft:fern":8,"minecraft:dark_oak_planks":1},"minecraft:picked_up":{"minecraft:wooden_axe":1,"minecraft:crafting_table":2,"immersiveengineering:wirecutter":1,"create:mechanical_crafter":2,"minecraft:wooden_pickaxe":4,"minecraft:potion":5,"farmersdelight:cutting_board":1,"minecraft:string":65,"minecraft:smooth_stone_slab":2,"pfm:oak_gray_simple_bed":4,"createaddition:iron_wire":1,"minecraft:iron_pickaxe":1,"minecraft:melon_slice":160,"minecraft:chest":6,"minecraft:stick":21,"minecraft:raw_iron":12,"pfm:white_stove":1,"minecraft:torch":19,"minecraft:acacia_log":1,"chalk:blue_chalk":2,"apocalypsenow:iron_baseball_bat":2,"minecraft:rotten_flesh":39,"biomesoplenty:mahogany_sapling":15,"create:depot":1,"minecraft:cobblestone":92,"biomesoplenty:mahogany_trapdoor":1,"tac:round45":2,"minecraft:leather_chestplate":1,"create:framed_glass_trapdoor":1,"minecraft:oak_log":2,"minecraft:chainmail_chestplate":1,"apocalypsenow:construction_chestplate":1,"farmersdelight:skillet":2,"minecraft:dirt":48,"minecraft:bone":54,"apocalypsenow:cooked_human_flesh":5,"minecraft:leather_boots":2,"farmersdelight:honey_glazed_ham_block":2,"farmersdelight:cooking_pot":1,"apocalypsenow:human_flesh":7,"minecraft:stone_pickaxe":2,"minecraft:glass_bottle":15,"tac:9mm_round":4,"simplylight:lamp_post":7,"biomesoplenty:mahogany_planks":54,"apocalypsenow:grape_juice":6,"minecraft:book":18,"quark:light_gray_shard":9,"minecraft:sweet_berries":12,"patchouli:guide_book":5,"chalk:red_chalk":2,"another_furniture:dark_oak_planter_box":1,"quark:dark_oak_hedge":1,"minecraft:spruce_sapling":3,"minecraft:lily_of_the_valley":1,"alexsmobs:animal_dictionary":2,"minecraft:leather_helmet":2,"biomesoplenty:mahogany_log":93,"quark:oak_hedge":1,"minecraft:bread":16,"create:framed_glass_door":1,"alexsmobs:maggot":4,"quark:gray_shard":30,"create:stressometer":1,"minecraft:bricks":2,"minecraft:coal":18,"immersiveengineering:hammer":1,"rocks:cobblestone_splitter":3},"minecraft:killed_by":{"minecraft:husk":2,"minecraft:player":1,"hordes:zombie_player":2,"minecraft:zombie":2,"undead_revamp2:thesmoker":1},"minecraft:broken":{"apocalypsenow:baseball_bat":1},"minecraft:custom":{"lootr:looted_stat":7,"minecraft:mob_kills":41,"minecraft:interact_with_crafting_table":35,"minecraft:leave_game":3,"minecraft:time_since_death":4507,"minecraft:climb_one_cm":5171,"minecraft:sprint_one_cm":297037,"minecraft:walk_one_cm":277989,"minecraft:fridge_opened":1,"minecraft:drop":33,"minecraft:talked_to_villager":1,"minecraft:play_time":137334,"minecraft:deaths":10,"minecraft:sneak_time":9217,"minecraft:walk_under_water_one_cm":321,"minecraft:jump":1659,"minecraft:interact_with_blast_furnace":1,"minecraft:walk_on_water_one_cm":1987,"minecraft:total_world_time":137334,"minecraft:interact_with_furnace":21,"minecraft:stove_opened":2,"minecraft:sleep_in_bed":2,"minecraft:time_since_rest":4560,"minecraft:damage_taken":3676,"minecraft:damage_dealt":3171,"minecraft:swim_one_cm":1766,"minecraft:fly_one_cm":271290,"minecraft:freezer_opened":5,"minecraft:open_chest":29,"minecraft:crouch_one_cm":29288,"minecraft:interact_with_smoker":6,"minecraft:fall_one_cm":48984}},"DataVersion":2975}