{"stats":{"minecraft:broken":{"medieval_craft_weapons:spear_1":1,"medieval_craft_weapons:plate_chestplate":1,"medieval_craft_weapons:plate_boots":1,"medieval_craft_weapons:mighty_stick":1,"medieval_craft_weapons:plate_helmet":1,"medieval_craft_weapons:lance":1,"medieval_craft_weapons:plate_leggings":1},"minecraft:dropped":{"minecraft:llama_spawn_egg":1,"medieval_craft_weapons:gladius":2,"minecraft:diamond":2,"unusualprehistory:mezo_fossil":11,"iceandfire:fire_dragon_flesh":4,"medieval_craft_weapons:soldiera_leggings":1,"aquaculture:minnow":1,"minecraft:red_wool":3,"medieval_craft_weapons:lance":1,"minecraft:dirt":4,"medieval_craft_weapons:soldiera_chestplate":2,"minecraft:gold_nugget":1,"alexsmobs:emu_feather":1,"minecraft:gravel":1,"minecraft:pillager_spawn_egg":1,"alexsmobs:animal_dictionary":1,"minecraft:acacia_sapling":2,"minecraft:ladder":1,"medieval_craft_weapons:greatsword":1,"medieval_craft_weapons:legionary_chestplate":2,"medieval_craft_weapons:soldiera_boots":2,"minecraft:wheat_seeds":13,"minecraft:iron_helmet":3,"minecraft:oak_fence":3,"minecraft:feather":1,"minecraft:cobblestone":2,"minecraft:granite":1,"minecraft:acacia_log":1,"minecraft:coal":1,"minecraft:stick":14,"minecraft:diorite":2,"tombstone:grave_key":1,"iceandfire:lightning_lily":1,"medieval_craft_weapons:plate_chestplate":2,"minecraft:iron_leggings":1,"minecraft:string":1,"ageofweapons:longstick_wood":1,"minecraft:acacia_planks":1,"alexsmobs:spawn_egg_giant_squid":1,"alexsmobs:maggot":2,"alexsmobs:acacia_blossom":1,"minecraft:iron_boots":3,"minecraft:shears":1,"medieval_craft_weapons:mighty_stick":1,"minecraft:iron_chestplate":3,"minecraft:diamond_pickaxe":1,"minecraft:andesite":17,"minecraft:stone_bricks":1,"minecraft:spider_eye":1,"medieval_craft_weapons:titanite_nugget_1":1,"minecraft:wooden_pickaxe":2},"minecraft:killed_by":{"alexsmobs:emu":1,"medieval_craft_weapons:heavyknight":1,"medieval_craft_weapons:archer":2,"alexsmobs:rhinoceros":1,"minecraft:zombie":1,"medieval_craft_weapons:knight":3,"medieval_craft_weapons:soldier":5,"minecraft:player":2,"minecraft:spider":1,"iceandfire:lightning_dragon":2},"minecraft:crafted":{"minecraft:oak_planks":148,"medieval_craft_weapons:lance":2,"minecraft:diamond_shovel":1,"minecraft:crafting_table":5,"minecraft:wooden_pickaxe":2,"minecraft:smithing_table":1,"minecraft:diamond_pickaxe":1,"minecraft:shield":1,"minecraft:stick":20,"minecraft:gold_ingot":79,"minecraft:shears":2,"comforts:sleeping_bag_white":1,"iceandfire:dragon_stick":1,"minecraft:iron_axe":1,"minecraft:stone_pickaxe":1,"medieval_craft_weapons:mighty_stick":2,"minecraft:cooked_beef":1,"ageofweapons:medium_stone_blank":1,"minecraft:stone_axe":1,"comforts:sleeping_bag_light_gray":1,"minecraft:air":0,"minecraft:oak_boat":2,"ageofweapons:longstick_wood":1,"ageofweapons:hammer":1,"minecraft:wooden_axe":1,"minecraft:acacia_planks":56},"minecraft:custom":{"minecraft:interact_with_crafting_table":59,"minecraft:eat_cake_slice":9,"minecraft:leave_game":1,"minecraft:time_since_death":7124,"minecraft:sprint_one_cm":582347,"minecraft:damage_blocked_by_shield":1075,"minecraft:drop":71,"minecraft:play_noteblock":4,"minecraft:talked_to_villager":1,"minecraft:play_time":275858,"minecraft:deaths":22,"minecraft:jump":5495,"minecraft:walk_on_water_one_cm":60009,"minecraft:interact_with_furnace":3,"minecraft:sleep_in_bed":11,"minecraft:damage_dealt":24343,"minecraft:player_kills":1,"minecraft:crouch_one_cm":75172,"tombstone:undead_killed":19,"minecraft:inspect_dispenser":1,"minecraft:interact_with_smithing_table":2,"minecraft:inspect_dropper":4,"minecraft:mob_kills":137,"minecraft:interact_with_anvil":1,"minecraft:climb_one_cm":5583,"minecraft:walk_one_cm":377658,"minecraft:raid_win":1,"minecraft:sneak_time":26461,"minecraft:walk_under_water_one_cm":24720,"minecraft:total_world_time":275858,"tombstone:raider_killed":5,"minecraft:tune_noteblock":3,"minecraft:time_since_rest":6475,"minecraft:damage_taken":2147483647,"minecraft:trigger_trapped_chest":1,"minecraft:swim_one_cm":121435,"minecraft:fly_one_cm":1142449,"minecraft:open_chest":99,"minecraft:fall_one_cm":135146},"minecraft:mined":{"unusualprehistory:stone_amber_ore":7,"minecraft:granite":2,"minecraft:acacia_log":17,"minecraft:grass_block":9,"minecraft:infested_cobblestone":2,"unusualprehistory:plant_fossil":12,"minecraft:red_stained_glass_pane":1,"minecraft:tall_seagrass":12,"minecraft:mossy_cobblestone_slab":1,"minecraft:iron_ore":14,"iceandfire:gold_pile":58,"minecraft:spruce_slab":8,"minecraft:torch":1,"minecraft:note_block":2,"minecraft:chest":5,"minecraft:cobblestone":52,"minecraft:oak_planks":9,"minecraft:wall_torch":4,"minecraft:seagrass":6,"minecraft:repeater":1,"minecraft:birch_log":5,"unusualprehistory:stone_fossil":23,"minecraft:light_gray_wool":4,"minecraft:grass":125,"minecraft:oak_log":12,"minecraft:dirt":24,"minecraft:oak_leaves":13,"minecraft:deepslate":12,"iceandfire:lightning_lily":1,"iceandfire:silver_ore":8,"minecraft:blue_stained_glass_pane":1,"minecraft:redstone_ore":4,"minecraft:andesite":17,"biomesoplenty:high_grass":16,"minecraft:cobblestone_slab":1,"minecraft:stone":152,"minecraft:white_wool":5,"minecraft:acacia_leaves":1,"minecraft:redstone_block":1,"minecraft:red_wool":114,"unusualprehistory:stone_opal_ore":1,"minecraft:oak_fence":6,"minecraft:crafting_table":3,"biomesoplenty:high_grass_plant":16,"minecraft:tall_grass":22,"minecraft:copper_ore":25,"minecraft:lapis_ore":4,"minecraft:lily_pad":1,"minecraft:diorite":2,"minecraft:big_dripleaf":1,"minecraft:spruce_stairs":10,"minecraft:creeper_head":2,"minecraft:birch_leaves":15,"minecraft:coal_ore":10,"minecraft:gravel":1,"minecraft:acacia_planks":16,"minecraft:stone_bricks":4,"minecraft:mossy_stone_bricks":1,"minecraft:fern":2},"minecraft:killed":{"minecraft:spider":4,"medieval_craft_weapons:knight":21,"minecraft:skeleton":4,"medieval_craft_weapons:soldier":13,"minecraft:silverfish":2,"minecraft:pig":1,"minecraft:creeper":1,"medieval_craft_weapons:romanlegionary":29,"minecraft:pillager":3,"aquaculture:minnow":1,"minecraft:zombie":14,"medieval_craft_weapons:romancenturion":4,"alexsmobs:fly":1,"minecraft:cow":2,"medieval_craft_weapons:heavyknight":2,"aquaculture:bluegill":1,"minecraft:vindicator":1,"medieval_craft_weapons:archer":17,"iceandfire:fire_dragon":1,"minecraft:drowned":1,"alexsmobs:rhinoceros":3,"minecraft:ravager":1,"alexsmobs:emu":1,"alexsmobs:catfish":1,"alexsmobs:crocodile":1,"alexsmobs:gazelle":2},"minecraft:used":{"unusualprehistory:trike_spawn_egg":13,"minecraft:chest":4,"minecraft:shield":39,"minecraft:creeper_head":1,"medieval_craft_weapons:mighty_stick":169,"minecraft:rotten_flesh":9,"aquaculture:bluegill":1,"minecraft:iron_chestplate":2,"minecraft:mutton":2,"unusualprehistory:rex_spawn_egg":6,"minecraft:iron_helmet":1,"minecraft:stone_bricks":2,"iceandfire:spawn_egg_cockatrice":2,"alexsmobs:spawn_egg_giant_squid":2,"minecraft:potato":1,"minecraft:stone_pickaxe":63,"minecraft:oak_planks":71,"minecraft:wooden_pickaxe":15,"minecraft:redstone_block":1,"minecraft:white_wool":3,"minecraft:note_block":1,"minecraft:black_bed":1,"minecraft:shears":114,"minecraft:bread":1,"medieval_craft_weapons:greatsword":388,"minecraft:smithing_table":1,"minecraft:oak_boat":4,"medieval_craft_weapons:knight_spawn_egg":2,"medieval_craft_weapons:sword_1":52,"minecraft:cooked_chicken":8,"minecraft:dirt":50,"minecraft:spruce_stairs":1,"medieval_craft_weapons:lance":79,"minecraft:wooden_axe":15,"minecraft:iron_axe":18,"minecraft:spawner":1,"minecraft:iron_boots":1,"tombstone:gift":3,"medieval_craft_weapons:spear_1":1,"comforts:sleeping_bag_white":2,"minecraft:cooked_beef":1,"minecraft:acacia_planks":52,"minecraft:cooked_mutton":10,"comforts:sleeping_bag_light_gray":3,"iceandfire:fire_dragon_flesh":2,"minecraft:baked_potato":30,"minecraft:crafting_table":8,"minecraft:spider_eye":1,"minecraft:white_bed":2,"minecraft:diamond_pickaxe":379,"minecraft:diamond_shovel":16,"minecraft:command_block":2,"minecraft:stone_axe":65,"minecraft:cobblestone":186,"alexsmobs:animal_dictionary":1,"minecraft:pillager_spawn_egg":1},"minecraft:picked_up":{"minecraft:wooden_axe":1,"minecraft:iron_chestplate":2,"minecraft:redstone_block":1,"unusualprehistory:amber_shard":3,"minecraft:creeper_head":2,"minecraft:enchanted_book":1,"tombstone:grave_key":1,"alexsmobs:gazelle_horn":1,"minecraft:string":6,"minecraft:raw_copper":92,"minecraft:armor_stand":2,"minecraft:iron_leggings":1,"alexsmobs:dropbear_claw":2,"alexsmobs:emu_feather":5,"minecraft:gold_nugget":694,"minecraft:cobbled_deepslate":11,"comforts:sleeping_bag_white":1,"unusualprehistory:plant_fossil_item":12,"minecraft:iron_boots":1,"medieval_craft_weapons:mace":1,"minecraft:stick":59,"minecraft:big_dripleaf":2,"minecraft:acacia_log":17,"minecraft:oak_fence":7,"minecraft:torch":3,"minecraft:spruce_stairs":9,"medieval_craft_weapons:spear_1":1,"medieval_craft_weapons:spear_2":2,"minecraft:diorite":2,"iceandfire:lightning_lily":1,"minecraft:rotten_flesh":14,"biomesoplenty:mahogany_sapling":1,"minecraft:cobblestone":217,"minecraft:birch_log":6,"minecraft:mossy_cobblestone_slab":1,"minecraft:feather":1,"minecraft:lilac":6,"minecraft:repeater":1,"minecraft:andesite":17,"minecraft:jungle_log":7,"minecraft:potato":1,"medieval_craft_weapons:plate_chestplate":4,"minecraft:lapis_lazuli":28,"minecraft:dirt":59,"minecraft:bone":5,"minecraft:acacia_planks":13,"minecraft:wheat_seeds":17,"minecraft:mossy_stone_bricks":1,"minecraft:llama_spawn_egg":1,"minecraft:oak_planks":36,"medieval_craft_weapons:sword_1":1,"medieval_craft_weapons:soldiera_chestplate":1,"minecraft:ink_sac":19,"medieval_craft_weapons:legionary_chestplate":3,"medieval_craft_weapons:plate_helmet":1,"minecraft:mossy_cobblestone":1,"minecraft:bundle":1,"minecraft:diamond":12,"minecraft:granite":1,"minecraft:bread":1,"minecraft:emerald":10,"alexsmobs:maggot":2,"minecraft:oak_sapling":30,"iceandfire:raw_silver":7,"minecraft:diamond_pickaxe":1,"iceandfire:dragon_skull_lightning":1,"minecraft:crafting_table":3,"medieval_craft_weapons:legionary_helmet":2,"minecraft:chicken":2,"minecraft:ladder":1,"minecraft:wooden_pickaxe":3,"medieval_craft_weapons:plate_boots":1,"minecraft:item_frame":5,"aquaculture:bluegill":1,"minecraft:beef":3,"minecraft:oak_boat":3,"minecraft:jungle_sapling":2,"minecraft:spruce_slab":7,"minecraft:light_gray_wool":4,"minecraft:chest":5,"minecraft:birch_sapling":2,"minecraft:egg":16,"minecraft:raw_iron":14,"iceandfire:dragonbone":8,"minecraft:glow_item_frame":1,"medieval_craft_weapons:titanite_nugget_1":7,"mobdropsrecipes_overworld:overworld_essence_common":5,"minecraft:note_block":2,"minecraft:redstone":19,"medieval_craft_weapons:soldiera_boots":1,"alexsmobs:spawn_egg_giant_squid":1,"minecraft:stone_pressure_plate":1,"minecraft:arrow":38,"minecraft:saddle":1,"minecraft:gold_ingot":10,"minecraft:mutton":5,"minecraft:white_wool":9,"medieval_craft_weapons:greatsword":1,"minecraft:air":0,"minecraft:glow_ink_sac":3,"minecraft:leather":4,"alexsmobs:acacia_blossom":1,"minecraft:oak_log":55,"minecraft:gunpowder":2,"minecraft:white_banner":1,"comforts:sleeping_bag_light_gray":1,"minecraft:cooked_mutton":10,"minecraft:apple":2,"minecraft:stone_bricks":4,"minecraft:iron_ingot":11,"aquaculture:minnow":1,"minecraft:cooked_chicken":64,"medieval_craft_weapons:gladius":4,"iceandfire:fire_dragon_flesh":9,"minecraft:acacia_sapling":3,"minecraft:pillager_spawn_egg":1,"medieval_craft_weapons:plate_leggings":1,"minecraft:red_wool":3,"minecraft:gravel":1,"medieval_craft_weapons:centurion_armor_chestplate":1,"minecraft:white_bed":2,"minecraft:spider_eye":2,"biomesoplenty:mahogany_log":86,"alexsmobs:rainbow_jelly":2,"minecraft:iron_helmet":1,"minecraft:baked_potato":1,"minecraft:coal":10,"unusualprehistory:amber_fossil":2,"unusualprehistory:mezo_fossil":34}},"DataVersion":3465}