{"stats":{"minecraft:killed_by":{"minecraft:spider":1,"minecraft:zombie":1,"alexsmobs:emu":1},"minecraft:crafted":{"minecraft:cooked_beef":1,"ageofweapons:longstick_wood":1,"ageofweapons:medium_stone_blank":1,"minecraft:crafting_table":1,"ageofweapons:hammer":1,"minecraft:stick":8,"minecraft:wooden_pickaxe":1,"minecraft:stone_pickaxe":1,"medieval_craft_weapons:lance":2,"medieval_craft_weapons:mighty_stick":2,"minecraft:stone_axe":1,"minecraft:air":0},"minecraft:dropped":{"alexsmobs:emu_feather":1,"medieval_craft_weapons:lance":1},"minecraft:picked_up":{"iceandfire:dragon_skull_lightning":1,"minecraft:stick":4,"minecraft:crafting_table":2,"minecraft:feather":1,"minecraft:leather":1,"mobdropsrecipes_overworld:overworld_essence_common":5,"minecraft:potato":1,"minecraft:white_bed":2,"minecraft:gunpowder":2,"minecraft:dirt":17,"minecraft:cooked_mutton":10,"minecraft:rotten_flesh":6,"minecraft:wheat_seeds":6,"alexsmobs:emu_feather":5,"minecraft:beef":3,"minecraft:oak_planks":26,"minecraft:cobblestone":25},"minecraft:broken":{"medieval_craft_weapons:mighty_stick":1},"minecraft:mined":{"minecraft:crafting_table":2,"minecraft:grass":59,"minecraft:grass_block":4,"minecraft:dirt":5,"minecraft:tall_grass":16,"minecraft:stone":10,"minecraft:oak_planks":1,"minecraft:oak_leaves":4},"minecraft:killed":{"minecraft:zombie":6,"alexsmobs:fly":1,"minecraft:creeper":1,"minecraft:cow":1,"alexsmobs:emu":1},"minecraft:custom":{"minecraft:time_since_rest":12972,"minecraft:interact_with_furnace":3,"minecraft:sprint_one_cm":95894,"minecraft:damage_taken":905,"minecraft:walk_one_cm":91625,"minecraft:mob_kills":12,"minecraft:drop":2,"minecraft:damage_dealt":2399,"minecraft:player_kills":1,"minecraft:interact_with_crafting_table":33,"minecraft:swim_one_cm":287,"minecraft:fly_one_cm":161293,"minecraft:crouch_one_cm":6457,"minecraft:play_time":62483,"tombstone:undead_killed":6,"minecraft:deaths":3,"minecraft:sneak_time":1736,"minecraft:walk_under_water_one_cm":60,"minecraft:jump":864,"minecraft:time_since_death":13195,"minecraft:walk_on_water_one_cm":362,"minecraft:sleep_in_bed":4,"minecraft:total_world_time":62483,"minecraft:fall_one_cm":22289},"minecraft:used":{"medieval_craft_weapons:lance":9,"minecraft:cooked_mutton":2,"minecraft:stone_pickaxe":11,"minecraft:oak_planks":1,"minecraft:wooden_pickaxe":15,"medieval_craft_weapons:mighty_stick":136,"minecraft:stone_axe":2,"minecraft:crafting_table":2,"tombstone:gift":1,"minecraft:white_bed":2,"alexsmobs:animal_dictionary":1,"minecraft:cooked_beef":1}},"DataVersion":3465}