{"stats":{"minecraft:custom":{"lootr:looted_stat":17,"minecraft:mob_kills":163,"minecraft:interact_with_crafting_table":49,"minecraft:damage_dealt_resisted":64,"minecraft:leave_game":7,"minecraft:time_since_death":2090,"minecraft:climb_one_cm":14545,"minecraft:sprint_one_cm":675231,"minecraft:walk_one_cm":597416,"minecraft:fridge_opened":3,"minecraft:drop":62,"minecraft:talked_to_villager":1,"minecraft:play_time":242126,"minecraft:deaths":18,"minecraft:sneak_time":16524,"minecraft:walk_under_water_one_cm":4300,"minecraft:interact_with_brewingstand":1,"minecraft:jump":2920,"minecraft:interact_with_blast_furnace":1,"minecraft:walk_on_water_one_cm":4326,"minecraft:total_world_time":242126,"minecraft:interact_with_furnace":25,"minecraft:stove_opened":2,"minecraft:interact_with_stonecutter":1,"minecraft:sleep_in_bed":6,"minecraft:time_since_rest":2120,"minecraft:damage_taken":6913,"minecraft:damage_dealt":17368,"minecraft:swim_one_cm":6561,"minecraft:freezer_opened":12,"minecraft:fly_one_cm":512996,"minecraft:open_chest":58,"minecraft:crouch_one_cm":49257,"minecraft:interact_with_smoker":9,"minecraft:fall_one_cm":91595},"minecraft:broken":{"minecraft:leather_helmet":1,"apocalypsenow:u_sarmy_leggings":1,"apocalypsenow:baseball_bat":1},"minecraft:picked_up":{"minecraft:wooden_axe":1,"immersiveengineering:wirecutter":1,"minecraft:crafting_table":2,"farmersdelight:birch_cabinet":5,"tac:glock_17":1,"create:mechanical_crafter":2,"quark:spruce_ladder":1,"minecraft:wooden_pickaxe":4,"farmersdelight:tomato_sauce":2,"minecraft:potion":5,"cold_sweat:hearth":1,"farmersdelight:cutting_board":1,"minecraft:string":163,"minecraft:raw_copper":30,"minecraft:smooth_stone_slab":2,"pfm:oak_gray_simple_bed":4,"createaddition:iron_wire":1,"farmersdelight:cabbage":5,"comforts:sleeping_bag_white":1,"quark:stripped_birch_post":1,"minecraft:iron_pickaxe":2,"minecraft:melon_slice":160,"minecraft:chest":7,"minecraft:egg":5,"minecraft:stick":22,"minecraft:raw_iron":19,"embellishcraft:smooth_marble":2,"pfm:white_stove":1,"minecraft:torch":44,"minecraft:bowl":2,"minecraft:acacia_log":1,"sophisticatedbackpacks:backpack":1,"minecraft:dried_kelp":2,"chalk:blue_chalk":2,"minecraft:carrot":1,"apocalypsenow:iron_baseball_bat":4,"minecraft:rotten_flesh":144,"biomesoplenty:mahogany_sapling":15,"farmersdelight:hamburger":3,"create:depot":1,"quark:bamboo_mat":2,"minecraft:cobblestone":119,"biomesoplenty:mahogany_trapdoor":1,"tac:round45":12,"minecraft:leather_chestplate":1,"farmersdelight:rice":9,"minecraft:iron_door":5,"minecraft:salmon":10,"create:framed_glass_trapdoor":1,"apocalypsenow:ballpeen_hammer":1,"contenttweaker:rubber":2,"minecraft:oak_log":10,"minecraft:chainmail_chestplate":2,"minecraft:gunpowder":4,"apocalypsenow:construction_chestplate":2,"farmersdelight:skillet":2,"minecraft:stripped_birch_log":1,"minecraft:dirt":52,"minecraft:cooked_mutton":6,"minecraft:bone":170,"farmersdelight:honey_glazed_ham_block":2,"minecraft:leather_boots":3,"apocalypsenow:u_sarmy_leggings":1,"apocalypsenow:cooked_human_flesh":11,"apocalypsenow:construction_leggings":2,"minecraft:apple":1,"farmersdelight:cooking_pot":1,"minecraft:stonecutter":2,"apocalypsenow:human_flesh":12,"farmersdelight:vegetable_soup":3,"apocalypsenow:money":9,"pfm:basic_toilet":2,"minecraft:stone_pickaxe":2,"tac:9mm_round":35,"minecraft:glass_bottle":15,"simplylight:lamp_post":7,"biomesoplenty:mahogany_planks":60,"minecraft:book":75,"apocalypsenow:grape_juice":6,"quark:light_gray_shard":9,"apocalypsenow:u_sarmy_chestplate":1,"immersiveengineering:raw_aluminum":1,"minecraft:sweet_berries":18,"patchouli:guide_book":5,"apocalypsenow:small_can":4,"another_furniture:birch_shelf":13,"chalk:red_chalk":2,"quark:dark_oak_hedge":1,"another_furniture:dark_oak_planter_box":1,"minecraft:spruce_sapling":3,"minecraft:lily_of_the_valley":1,"minecraft:leather_helmet":2,"alexsmobs:animal_dictionary":2,"biomesoplenty:mahogany_log":94,"minecraft:stone_axe":1,"minecraft:iron_helmet":1,"quark:oak_hedge":1,"farmersdelight:rice_bag":3,"minecraft:bread":16,"apocalypsenow:construction_helmet":4,"create:framed_glass_door":1,"alexsmobs:maggot":4,"quark:gray_shard":30,"minecraft:oak_sapling":8,"rocks:cobblestone_splitter":3,"immersiveengineering:hammer":1,"minecraft:bricks":2,"create:stressometer":1,"minecraft:coal":70,"create:cut_calcite":3},"minecraft:used":{"biomesoplenty:mahogany_planks":57,"minecraft:acacia_log":1,"apocalypsenow:ballpeen_hammer":7,"minecraft:chest":6,"farmersdelight:birch_cabinet":5,"create:cut_calcite":3,"minecraft:torch":54,"minecraft:dirt":29,"minecraft:lily_of_the_valley":1,"another_furniture:birch_shelf":5,"minecraft:wooden_axe":35,"apocalypsenow:baseball_bat":33,"simplylight:lamp_post":5,"apocalypsenow:heavy_machete":28,"carryon:tile_item":2,"minecraft:sweet_berries":5,"apocalypsenow:porpsi":4,"minecraft:furnace":2,"comforts:sleeping_bag_white":1,"farmersdelight:hamburger":3,"minecraft:cooked_mutton":4,"apocalypsenow:cooked_human_flesh":1,"minecraft:stone_pickaxe":69,"biomesoplenty:mahogany_trapdoor":3,"minecraft:wooden_pickaxe":17,"minecraft:stonecutter":1,"biomesoplenty:mahogany_log":10,"minecraft:crafting_table":4,"minecraft:smoker":1,"minecraft:string":1,"minecraft:apple":3,"apocalypsenow:iron_baseball_bat":395,"minecraft:iron_pickaxe":155,"minecraft:melon_slice":56,"minecraft:stone_axe":75,"minecraft:cobblestone":29,"minecraft:potion":17,"chalk:blue_chalk":2,"pfm:oak_gray_simple_bed":2},"minecraft:killed_by":{"minecraft:husk":2,"minecraft:player":1,"undead_revamp2:the_moonflower":1,"zombie_extreme:runner":1,"hordes:zombie_player":2,"zombie_extreme:demolisher":1,"minecraft:zombie":4,"undead_revamp2:thesmoker":2},"minecraft:dropped":{"biomesoplenty:mahogany_log":1,"quark:oak_hedge":1,"farmersdelight:honey_cookie":1,"another_furniture:dark_oak_planter_box":1,"contenttweaker:rubber":2,"farmersdelight:skillet":5,"tac:round45":4,"minecraft:crafting_table":1,"minecraft:dirt":5,"minecraft:torch":1,"quark:bamboo_mat":2,"minecraft:iron_door":2,"solcarrot:food_book":1,"minecraft:stripped_birch_log":1,"minecraft:dried_kelp":2,"pfm:basic_toilet":1,"quark:spruce_ladder":1,"minecraft:string":4,"ftbquests:book":1,"minecraft:spruce_sapling":3,"minecraft:bone":6,"minecraft:bricks":2,"quark:dark_oak_hedge":1,"minecraft:sweet_berries":3,"alexsmobs:animal_dictionary":1,"minecraft:smooth_stone_slab":2,"minecraft:chicken":1,"minecraft:rotten_flesh":8,"farmersdelight:tomato_sauce":1,"patchouli:guide_book":1,"apocalypsenow:iron_baseball_bat":1,"apocalypsenow:construction_chestplate":1,"create:framed_glass_trapdoor":1,"farmersdelight:honey_glazed_ham_block":1,"apocalypsenow:rolling_pin":2,"immersiveengineering:manual":1,"minecraft:chest":1,"pfm:furniture_book":1,"minecraft:wooden_pickaxe":1,"tac:9mm_round":5,"apocalypsenow:human_flesh":2},"minecraft:mined":{"minecraft:dark_oak_planks":2,"farmersdelight:honey_glazed_ham_block":2,"farmersdelight:rice_bag":3,"minecraft:oak_sapling":2,"quark:stripped_birch_post":1,"minecraft:stripped_birch_log":1,"minecraft:acacia_log":1,"minecraft:grass_block":12,"create:depot":1,"rocks:jungle_stick":2,"minecraft:spruce_leaves":11,"quark:bamboo_mat":2,"pfm:white_stove":1,"rocks:rock":1,"minecraft:spawner":9,"create:cut_calcite":3,"another_furniture:birch_shelf":13,"comforts:sleeping_bag_white":1,"minecraft:smooth_stone":1,"farmersdelight:wild_onions":1,"cold_sweat:hearth_bottom":1,"create:framed_glass_pane":2,"minecraft:iron_ore":19,"immersiveengineering:capacitor_mv":1,"rocks:oak_stick":2,"minecraft:bookshelf":21,"rocks:birch_stick":1,"immersiveengineering:light_engineering":1,"minecraft:stone":82,"simplylight:lamp_post":5,"immersiveengineering:ore_aluminum":1,"create:dark_oak_window_pane":2,"farmersdelight:birch_cabinet":5,"farmersdelight:cooking_pot":1,"minecraft:quartz_block":2,"lootr:lootr_chest":3,"minecraft:lily_of_the_valley":1,"another_furniture:dark_oak_planter_box":1,"minecraft:crafting_table":2,"minecraft:torch":3,"minecraft:gray_stained_glass":3,"create:framed_glass_door":1,"minecraft:melon":17,"biomesoplenty:mahogany_planks":7,"minecraft:chest":4,"minecraft:copper_ore":8,"minecraft:cobblestone":1,"create:birch_window_pane":1,"minecraft:bricks":2,"minecraft:iron_door":3,"minecraft:wall_torch":5,"biomesoplenty:mahogany_trapdoor":1,"pfm:basic_toilet":1,"minecraft:light_gray_stained_glass":1,"biomesoplenty:mahogany_log":9,"farmersdelight:cutting_board":1,"minecraft:sweet_berry_bush":7,"cfm:stripped_spruce_table":1,"minecraft:smooth_stone_slab":2,"minecraft:grass":3,"embellishcraft:smooth_marble":2,"minecraft:oak_log":2,"minecraft:coal_ore":55,"quark:oak_hedge":1,"create:framed_glass_trapdoor":1,"create:mechanical_crafter":2,"create:stressometer":1,"minecraft:dirt":24,"quark:dark_oak_hedge":1,"pfm:oak_gray_simple_bed":3,"minecraft:stonecutter":2,"minecraft:oak_leaves":5,"minecraft:fern":8},"minecraft:crafted":{"minecraft:oak_planks":12,"immersiveengineering:hammer":1,"biomesoplenty:mahogany_planks":40,"comforts:sleeping_bag_white":1,"minecraft:furnace":2,"create:iron_sheet":1,"minecraft:cooked_mutton":10,"minecraft:leather":13,"immersiveengineering:wirecutter":1,"sophisticatedbackpacks:backpack":1,"minecraft:crafting_table":2,"minecraft:chainmail_chestplate":1,"minecraft:stone_axe":1,"minecraft:air":126,"minecraft:white_wool":9,"minecraft:stick":4,"apocalypsenow:cooked_human_flesh":7,"minecraft:iron_ingot":12,"minecraft:wooden_axe":1,"firstaid:bandage":1},"minecraft:killed":{"hordes:zombie_player":4,"undead_revamp2:thesmoker":11,"undead_revamp2:bomber":1,"zombie_extreme:runner":3,"undead_revamp2:crackleball":7,"zombiemobs:zombie_pig":1,"zombie_extreme:crawler":2,"minecraft:husk":15,"undead_revamp2:the_moonflower":6,"minecraft:zombie":92,"zombie_extreme:infected_police":3,"alexsmobs:fly":2}},"DataVersion":2975}