{"stats":{"minecraft:killed":{"minecraft:zombified_piglin":5,"minecraft:spider":6,"medieval_craft_weapons:knight":27,"minecraft:skeleton":9,"medieval_craft_weapons:soldier":33,"minecraft:chicken":2,"minecraft:silverfish":1,"minecraft:piglin":1,"minecraft:pig":2,"minecraft:creeper":2,"alexsmobs:crimson_mosquito":1,"minecraft:sheep":4,"minecraft:pillager":2,"minecraft:donkey":1,"minecraft:zombie":19,"alexsmobs:fly":1,"iceandfire:lightning_dragon":1,"minecraft:blaze":3,"minecraft:cow":8,"medieval_craft_weapons:heavyknight":4,"alexsmobs:dropbear":2,"medieval_craft_weapons:archer":9,"iceandfire:fire_dragon":1,"alexsmobs:bison":1,"minecraft:hoglin":1,"alexsmobs:elephant":4,"iceandfire:ghost":8,"alexsmobs:gazelle":2,"unusualprehistory:sludge":2,"alexsmobs:crow":1,"minecraft:wither_skeleton":11},"minecraft:broken":{"minecraft:chainmail_boots":1,"minecraft:stone_axe":1,"minecraft:shield":1},"minecraft:mined":{"iceandfire:copper_pile":1,"biomesoplenty:brimstone":1,"biomesoplenty:burning_blossom":13,"biomesoplenty:bramble":8,"minecraft:grass_block":37,"minecraft:infested_cobblestone":1,"comforts:sleeping_bag_white":1,"minecraft:glowstone":1,"minecraft:iron_ore":8,"minecraft:fire":33,"minecraft:nether_brick_stairs":3,"iceandfire:gold_pile":102,"minecraft:iron_bars":2,"minecraft:spruce_slab":1,"minecraft:tripwire":9,"minecraft:blackstone":12,"minecraft:smoker":1,"minecraft:torch":5,"iceandfire:ghost_chest":3,"minecraft:nether_brick_slab":1,"minecraft:cobblestone":5,"minecraft:oak_planks":27,"minecraft:wall_torch":6,"minecraft:birch_log":13,"minecraft:wither_rose":1,"minecraft:grass":53,"minecraft:oak_log":96,"minecraft:dirt":10,"minecraft:tripwire_hook":1,"minecraft:netherrack":14,"unusualprehistory:splattered_tar":1,"minecraft:oak_leaves":3,"iceandfire:silver_ore":3,"minecraft:nether_bricks":2,"biomesoplenty:bush":4,"biomesoplenty:dead_grass":1,"minecraft:oak_trapdoor":2,"minecraft:furnace":1,"minecraft:bookshelf":16,"minecraft:vine":1,"minecraft:stripped_oak_log":1,"minecraft:stone":77,"minecraft:crafting_table":6,"minecraft:tall_grass":1,"biomesoplenty:sprout":2,"minecraft:polished_blackstone_slab":2,"minecraft:polished_blackstone_stairs":1,"unusualprehistory:tar":36,"minecraft:gravel":1,"minecraft:cracked_stone_bricks":1,"minecraft:polished_blackstone":5,"minecraft:stone_bricks":10,"minecraft:mossy_stone_bricks":1},"minecraft:dropped":{"iceandfire:raw_silver":3,"minecraft:iron_sword":1,"iceandfire:dragonsteel_lightning_block":60,"minecraft:soul_sand":2,"minecraft:crafting_table":1,"minecraft:cooked_porkchop":19,"minecraft:cracked_stone_bricks":1,"minecraft:dirt":12,"iceandfire:dragonsteel_lightning_ingot":2,"minecraft:gold_nugget":14,"minecraft:polished_blackstone_slab":2,"minecraft:birch_log":6,"minecraft:gold_ingot":1173,"minecraft:bone":2,"minecraft:gravel":174,"minecraft:blackstone":28,"minecraft:lever":1,"biomesoplenty:bramble":8,"medieval_craft_weapons:plate_boots":2,"alexsmobs:animal_dictionary":2,"minecraft:birch_sapling":7,"minecraft:obsidian":2,"minecraft:rotten_flesh":24,"minecraft:oak_planks":10,"minecraft:acacia_sapling":2,"minecraft:leather_boots":1,"iceandfire:bestiary":1,"minecraft:spruce_slab":1,"minecraft:arrow":33,"medieval_craft_weapons:greatsword":5,"minecraft:quartz":19,"minecraft:netherrack":10,"minecraft:golden_boots":1,"minecraft:iron_ingot":10,"minecraft:bread":30,"minecraft:wheat_seeds":3,"minecraft:lilac":4,"minecraft:polished_blackstone":5,"minecraft:diamond_leggings":1,"minecraft:cobblestone":4,"minecraft:spectral_arrow":28,"minecraft:polished_blackstone_stairs":1,"minecraft:gray_wool":1,"iceandfire:copper_nugget":58,"biomesoplenty:brimstone":1,"minecraft:string":8,"minecraft:tripwire_hook":4,"minecraft:acacia_planks":12,"iceandfire:dragonbone":5,"minecraft:nether_brick_slab":1,"minecraft:stone_sword":5,"medieval_craft_weapons:long_sword":2,"minecraft:stripped_oak_log":2,"iceandfire:dragonsteel_lightning_chestplate":1,"minecraft:nether_bricks":1,"minecraft:shears":1,"minecraft:flint_and_steel":1,"minecraft:diamond_chestplate":2,"minecraft:bundle":1,"iceandfire:dragonsteel_lightning_leggings":1,"minecraft:mossy_stone_bricks":1,"minecraft:oak_sapling":32,"minecraft:diamond_boots":1,"minecraft:wooden_pickaxe":2,"waystones:waystone":6,"iceandfire:dragon_skull_lightning":1,"iceandfire:dragonsteel_lightning_boots":1},"minecraft:used":{"minecraft:chest":2,"minecraft:shield":150,"minecraft:iron_sword":55,"minecraft:iron_chestplate":1,"minecraft:obsidian":10,"iceandfire:ghost_chest":2,"minecraft:stone_bricks":2,"minecraft:furnace":1,"minecraft:oak_sapling":4,"medieval_craft_weapons:long_sword":245,"minecraft:egg":1,"minecraft:stone_pickaxe":91,"minecraft:oak_planks":128,"minecraft:blackstone":162,"minecraft:wooden_pickaxe":46,"minecraft:crossbow":36,"iceandfire:dragonbone_sword_lightning":17,"minecraft:shears":3,"waystones:waystone":2,"minecraft:bread":54,"minecraft:string":17,"minecraft:gravel":16,"medieval_craft_weapons:greatsword":250,"medieval_craft_weapons:pole_axe":86,"iceandfire:dragon_skull_fire":1,"minecraft:oak_trapdoor":4,"minecraft:stone_sword":94,"medieval_craft_weapons:sword_1":69,"minecraft:netherrack":9,"minecraft:torch":2,"minecraft:dirt":35,"minecraft:anvil":1,"minecraft:tripwire_hook":1,"tombstone:gift":2,"comforts:sleeping_bag_white":4,"minecraft:cooked_beef":7,"unusualprehistory:tar_bucket":15,"biomesoplenty:burning_blossom":2,"minecraft:cooked_mutton":1,"minecraft:water_bucket":15,"minecraft:crafting_table":10,"minecraft:smoker":1,"minecraft:apple":5,"minecraft:iron_pickaxe":171,"minecraft:stone_axe":136,"minecraft:cobblestone":51,"minecraft:potion":2,"iceandfire:dragonsteel_lightning_sword":32,"minecraft:cooked_porkchop":30,"minecraft:bucket":30},"minecraft:crafted":{"minecraft:oak_planks":160,"medieval_craft_weapons:pole_axe":1,"minecraft:lever":1,"iceandfire:dragonsteel_lightning_leggings":2,"minecraft:cooked_mutton":5,"iceandfire:dragonsteel_lightning_boots":2,"iceandfire:dragonsteel_lightning_chestplate":2,"minecraft:chest":3,"minecraft:golden_boots":1,"minecraft:smoker":1,"medieval_craft_weapons:long_sword":1,"minecraft:cooked_porkchop":4,"sophisticatedbackpacks:backpack":1,"minecraft:crafting_table":6,"minecraft:wooden_pickaxe":2,"minecraft:birch_planks":28,"iceandfire:dragonsteel_lightning_sword":1,"minecraft:charcoal":17,"minecraft:shield":2,"minecraft:stick":16,"minecraft:iron_pickaxe":1,"minecraft:iron_ingot":8,"minecraft:iron_block":3,"minecraft:stone_sword":1,"minecraft:gold_ingot":139,"minecraft:shears":1,"minecraft:tripwire_hook":2,"comforts:sleeping_bag_white":1,"minecraft:furnace":2,"minecraft:oak_trapdoor":2,"minecraft:stone_pickaxe":1,"minecraft:cooked_beef":7,"iceandfire:dragonsteel_lightning_ingot":45,"minecraft:bucket":1,"minecraft:stone_axe":1,"minecraft:air":0,"medieval_craft_weapons:sword_1":2,"minecraft:anvil":1,"minecraft:acacia_planks":16,"minecraft:torch":4,"minecraft:diamond_chestplate":1},"minecraft:custom":{"minecraft:interact_with_crafting_table":61,"minecraft:open_barrel":30,"minecraft:eat_cake_slice":9,"minecraft:leave_game":8,"minecraft:time_since_death":3802,"minecraft:sprint_one_cm":735653,"minecraft:damage_blocked_by_shield":2075,"minecraft:drop":175,"minecraft:play_time":299346,"minecraft:deaths":19,"minecraft:jump":6550,"minecraft:walk_on_water_one_cm":55962,"minecraft:interact_with_furnace":27,"minecraft:sleep_in_bed":4,"minecraft:waystone_activated":4,"minecraft:damage_dealt":34454,"minecraft:crouch_one_cm":72549,"tombstone:undead_killed":52,"minecraft:interact_with_smoker":7,"minecraft:mob_kills":183,"minecraft:interact_with_anvil":9,"minecraft:climb_one_cm":1456,"minecraft:walk_one_cm":421661,"minecraft:damage_dealt_absorbed":120,"minecraft:sneak_time":24920,"minecraft:walk_under_water_one_cm":38212,"minecraft:total_world_time":299346,"tombstone:raider_killed":2,"minecraft:time_since_rest":3375,"minecraft:damage_taken":10511,"minecraft:trigger_trapped_chest":7,"minecraft:swim_one_cm":78718,"minecraft:fly_one_cm":1460445,"minecraft:open_chest":111,"minecraft:fall_one_cm":154980},"minecraft:killed_by":{"minecraft:creeper":1,"medieval_craft_weapons:archer":2,"medieval_craft_weapons:knight":1,"medieval_craft_weapons:soldier":1,"iceandfire:fire_dragon":3,"minecraft:player":1,"alexsmobs:bison":1,"minecraft:skeleton":1,"iceandfire:lightning_dragon":1,"iceandfire:ghost":1},"minecraft:picked_up":{"biomesoplenty:burning_blossom":11,"aquaculture:synodontis":1,"minecraft:potion":4,"minecraft:wither_rose":2,"minecraft:enchanted_book":3,"minecraft:nether_brick":34,"medieval_craft_weapons:pole_axe":2,"minecraft:string":53,"minecraft:armor_stand":4,"biomesoplenty:brimstone":1,"minecraft:diamond_leggings":1,"alexsmobs:blood_sac":1,"minecraft:gold_nugget":1258,"comforts:sleeping_bag_white":5,"minecraft:furnace":1,"minecraft:stick":43,"iceandfire:ghost_chest":3,"minecraft:polished_blackstone_stairs":1,"minecraft:torch":11,"minecraft:acacia_log":3,"minecraft:porkchop":4,"tombstone:grave_dust":5,"minecraft:stone_sword":4,"minecraft:rotten_flesh":40,"iceandfire:fire_dragon_heart":2,"alexsmobs:emu_egg":1,"minecraft:blaze_rod":2,"minecraft:obsidian":12,"minecraft:iron_bars":2,"minecraft:cobblestone":76,"minecraft:birch_log":27,"minecraft:cooked_beef":6,"minecraft:feather":2,"minecraft:lilac":5,"minecraft:smoker":1,"alexsmobs:bison_fur":2,"minecraft:flint":1,"minecraft:wither_skeleton_skull":1,"iceandfire:dragonscales_bronze":42,"minecraft:dirt":66,"minecraft:leather_boots":2,"minecraft:bone":17,"minecraft:wheat_seeds":5,"minecraft:mossy_stone_bricks":1,"minecraft:glowstone_dust":2,"minecraft:oak_planks":59,"medieval_craft_weapons:sword_1":3,"aquaculture:gar":1,"minecraft:cooked_porkchop":4,"iceandfire:dragon_skull_fire":1,"minecraft:polished_blackstone_slab":2,"iceandfire:lightning_dragon_heart":1,"alexsmobs:animal_dictionary":2,"iceandfire:dragonbone_sword_lightning":1,"minecraft:spectral_arrow":111,"minecraft:bundle":1,"waystones:waystone":1,"minecraft:crossbow":1,"minecraft:bread":28,"minecraft:chainmail_helmet":1,"minecraft:oak_sapling":37,"minecraft:netherrack":26,"iceandfire:raw_silver":3,"iceandfire:dragon_skull_lightning":1,"minecraft:charcoal":12,"minecraft:crafting_table":6,"minecraft:allium":1,"minecraft:chicken":6,"minecraft:splash_potion":1,"iceandfire:witherbone":5,"minecraft:brown_mushroom":3,"minecraft:wooden_pickaxe":1,"medieval_craft_weapons:plate_boots":2,"minecraft:oak_trapdoor":2,"alexsmobs:pigshoes":2,"minecraft:blackstone":190,"iceandfire:bestiary":1,"iceandfire:graveyard_soil":4,"minecraft:cracked_stone_bricks":1,"minecraft:beef":21,"minecraft:iron_nugget":13,"minecraft:spruce_slab":1,"minecraft:birch_sapling":7,"minecraft:egg":2,"unusualprehistory:tar_fossil_item":8,"minecraft:raw_iron":8,"iceandfire:dragonbone":20,"medieval_craft_weapons:titanite_nugget_1":10,"alexsmobs:straddlite":1,"minecraft:fire_charge":15,"minecraft:arrow":3,"minecraft:diamond_chestplate":1,"minecraft:nether_bricks":1,"minecraft:shears":1,"minecraft:diamond_boots":1,"tombstone:essence_of_undeath":1,"minecraft:gold_ingot":1033,"minecraft:polished_blackstone":5,"minecraft:brick_stairs":1,"minecraft:mutton":13,"minecraft:white_wool":7,"medieval_craft_weapons:greatsword":5,"minecraft:stripped_oak_log":2,"minecraft:glow_ink_sac":1,"minecraft:tripwire_hook":3,"minecraft:leather":54,"minecraft:filled_map":1,"minecraft:oak_log":111,"minecraft:gunpowder":2,"medieval_craft_weapons:long_sword":4,"minecraft:white_banner":1,"minecraft:cooked_mutton":1,"minecraft:apple":8,"minecraft:stone_bricks":19,"medieval_craft_weapons:greathelmet_helmet":1,"minecraft:iron_ingot":6,"minecraft:cooked_chicken":4,"minecraft:soul_sand":56,"iceandfire:fire_dragon_flesh":10,"minecraft:acacia_sapling":2,"minecraft:book":48,"aquaculture:smallmouth_bass":1,"iceandfire:copper_nugget":50,"medieval_craft_weapons:plate_leggings":2,"minecraft:quartz":76,"minecraft:gravel":191,"iceandfire:dragonsteel_lightning_block":1,"minecraft:nether_brick_slab":1,"minecraft:crying_obsidian":32,"minecraft:spider_eye":1,"minecraft:brick_slab":2,"biomesoplenty:bramble":8,"minecraft:gray_wool":1,"tombstone:magic_scroll":1,"minecraft:coal":1,"minecraft:ender_pearl":7}},"DataVersion":3465}