{"stats":{"minecraft:broken":{"medieval_craft_weapons:mighty_stick":1,"medieval_craft_weapons:spear_1":1,"medieval_craft_weapons:lance":1},"minecraft:dropped":{"medieval_craft_weapons:soldiera_boots":2,"minecraft:wheat_seeds":10,"minecraft:iron_helmet":2,"minecraft:feather":1,"aquaculture:minnow":1,"medieval_craft_weapons:soldiera_leggings":1,"medieval_craft_weapons:lance":1,"minecraft:acacia_log":1,"minecraft:stick":12,"tombstone:grave_key":1,"iceandfire:lightning_lily":1,"medieval_craft_weapons:plate_chestplate":2,"medieval_craft_weapons:soldiera_chestplate":2,"minecraft:iron_leggings":1,"alexsmobs:emu_feather":1,"ageofweapons:longstick_wood":1,"minecraft:acacia_planks":1,"alexsmobs:maggot":2,"alexsmobs:acacia_blossom":1,"alexsmobs:animal_dictionary":1,"minecraft:iron_boots":3,"medieval_craft_weapons:mighty_stick":1,"minecraft:iron_chestplate":2,"minecraft:acacia_sapling":2,"minecraft:stone_bricks":1,"minecraft:wooden_pickaxe":2},"minecraft:killed_by":{"minecraft:spider":1,"alexsmobs:emu":1,"medieval_craft_weapons:heavyknight":1,"medieval_craft_weapons:archer":2,"minecraft:zombie":1,"medieval_craft_weapons:knight":3,"medieval_craft_weapons:soldier":5},"minecraft:crafted":{"minecraft:oak_planks":32,"medieval_craft_weapons:lance":2,"minecraft:stone_pickaxe":1,"medieval_craft_weapons:mighty_stick":2,"minecraft:cooked_beef":1,"ageofweapons:medium_stone_blank":1,"minecraft:crafting_table":3,"minecraft:wooden_pickaxe":2,"minecraft:stone_axe":1,"minecraft:air":0,"ageofweapons:longstick_wood":1,"ageofweapons:hammer":1,"minecraft:stick":12,"minecraft:wooden_axe":1,"minecraft:acacia_planks":56},"minecraft:custom":{"minecraft:mob_kills":36,"minecraft:interact_with_crafting_table":40,"minecraft:eat_cake_slice":7,"minecraft:time_since_death":22810,"minecraft:climb_one_cm":48,"minecraft:sprint_one_cm":252022,"minecraft:walk_one_cm":171405,"minecraft:drop":39,"minecraft:play_time":126310,"minecraft:deaths":15,"minecraft:sneak_time":14829,"minecraft:walk_under_water_one_cm":16769,"minecraft:jump":2269,"minecraft:walk_on_water_one_cm":41270,"minecraft:total_world_time":126310,"minecraft:interact_with_furnace":3,"minecraft:sleep_in_bed":4,"minecraft:time_since_rest":20411,"minecraft:damage_taken":5099,"minecraft:damage_dealt":6450,"minecraft:swim_one_cm":94911,"minecraft:fly_one_cm":524159,"minecraft:player_kills":1,"minecraft:open_chest":24,"minecraft:crouch_one_cm":38131,"tombstone:undead_killed":9,"minecraft:fall_one_cm":43071},"minecraft:mined":{"iceandfire:lightning_lily":1,"minecraft:acacia_log":17,"minecraft:grass_block":4,"minecraft:tall_seagrass":12,"minecraft:stone":24,"minecraft:white_wool":2,"minecraft:spruce_slab":8,"minecraft:acacia_leaves":1,"minecraft:oak_fence":3,"minecraft:crafting_table":3,"minecraft:chest":4,"minecraft:tall_grass":17,"minecraft:cobblestone":18,"minecraft:oak_planks":3,"minecraft:wall_torch":3,"minecraft:seagrass":5,"minecraft:spruce_stairs":10,"minecraft:birch_log":5,"minecraft:birch_leaves":10,"minecraft:grass":104,"minecraft:coal_ore":8,"minecraft:oak_log":2,"minecraft:dirt":11,"minecraft:acacia_planks":16,"minecraft:stone_bricks":3,"minecraft:oak_leaves":5},"minecraft:killed":{"aquaculture:bluegill":1,"minecraft:spider":1,"medieval_craft_weapons:archer":4,"medieval_craft_weapons:knight":4,"medieval_craft_weapons:soldier":5,"minecraft:drowned":1,"alexsmobs:rhinoceros":1,"minecraft:creeper":1,"alexsmobs:emu":1,"aquaculture:minnow":1,"minecraft:zombie":8,"alexsmobs:gazelle":2,"alexsmobs:fly":1,"minecraft:cow":1,"medieval_craft_weapons:heavyknight":1},"minecraft:used":{"minecraft:chest":4,"medieval_craft_weapons:sword_1":52,"medieval_craft_weapons:mighty_stick":169,"minecraft:rotten_flesh":9,"aquaculture:bluegill":1,"minecraft:iron_chestplate":2,"minecraft:dirt":23,"minecraft:mutton":2,"minecraft:spruce_stairs":1,"medieval_craft_weapons:lance":79,"minecraft:wooden_axe":15,"minecraft:iron_helmet":1,"minecraft:iron_boots":1,"minecraft:stone_bricks":2,"tombstone:gift":2,"medieval_craft_weapons:spear_1":1,"minecraft:cooked_beef":1,"minecraft:potato":1,"minecraft:acacia_planks":52,"minecraft:cooked_mutton":10,"minecraft:stone_pickaxe":63,"minecraft:baked_potato":1,"minecraft:oak_planks":25,"minecraft:wooden_pickaxe":15,"minecraft:white_wool":3,"minecraft:crafting_table":6,"minecraft:spider_eye":1,"minecraft:white_bed":2,"minecraft:bread":1,"medieval_craft_weapons:greatsword":31,"minecraft:stone_axe":65,"minecraft:cobblestone":40,"alexsmobs:animal_dictionary":1},"minecraft:picked_up":{"minecraft:wooden_axe":1,"iceandfire:dragon_skull_lightning":1,"minecraft:crafting_table":3,"minecraft:iron_chestplate":1,"minecraft:wooden_pickaxe":3,"tombstone:grave_key":1,"alexsmobs:gazelle_horn":1,"minecraft:string":2,"minecraft:iron_leggings":1,"minecraft:armor_stand":2,"alexsmobs:emu_feather":5,"aquaculture:bluegill":1,"minecraft:beef":3,"minecraft:spruce_slab":7,"minecraft:chest":4,"minecraft:birch_sapling":2,"minecraft:iron_boots":1,"minecraft:stick":30,"minecraft:oak_fence":3,"medieval_craft_weapons:titanite_nugget_1":2,"minecraft:torch":2,"minecraft:acacia_log":17,"mobdropsrecipes_overworld:overworld_essence_common":5,"minecraft:spruce_stairs":9,"medieval_craft_weapons:spear_1":1,"medieval_craft_weapons:spear_2":1,"medieval_craft_weapons:soldiera_boots":1,"iceandfire:lightning_lily":1,"minecraft:rotten_flesh":9,"minecraft:gold_ingot":10,"minecraft:mutton":2,"minecraft:white_wool":2,"minecraft:cobblestone":54,"minecraft:birch_log":6,"minecraft:feather":1,"minecraft:leather":1,"alexsmobs:acacia_blossom":1,"minecraft:potato":1,"minecraft:oak_log":1,"minecraft:gunpowder":2,"medieval_craft_weapons:plate_chestplate":3,"minecraft:dirt":23,"minecraft:cooked_mutton":10,"minecraft:acacia_planks":13,"minecraft:apple":2,"minecraft:stone_bricks":3,"minecraft:wheat_seeds":11,"minecraft:iron_ingot":11,"aquaculture:minnow":1,"minecraft:oak_planks":30,"minecraft:acacia_sapling":3,"medieval_craft_weapons:sword_1":1,"medieval_craft_weapons:soldiera_chestplate":1,"minecraft:white_bed":2,"minecraft:spider_eye":1,"minecraft:diamond":10,"minecraft:iron_helmet":1,"minecraft:bread":1,"alexsmobs:maggot":2,"minecraft:coal":8}},"DataVersion":3465}