{"stats":{"minecraft:used":{"minecraft:cooked_mutton":10,"minecraft:stone_pickaxe":52,"minecraft:oak_planks":1,"minecraft:wooden_pickaxe":15,"medieval_craft_weapons:sword_1":5,"medieval_craft_weapons:mighty_stick":169,"minecraft:rotten_flesh":3,"aquaculture:bluegill":1,"minecraft:iron_chestplate":2,"minecraft:dirt":18,"minecraft:mutton":1,"minecraft:crafting_table":2,"minecraft:white_bed":2,"medieval_craft_weapons:lance":79,"minecraft:iron_helmet":1,"minecraft:iron_boots":1,"minecraft:stone_bricks":2,"minecraft:stone_axe":3,"minecraft:cobblestone":33,"tombstone:gift":2,"alexsmobs:animal_dictionary":1,"minecraft:potato":1,"minecraft:cooked_beef":1},"minecraft:crafted":{"minecraft:cooked_beef":1,"ageofweapons:medium_stone_blank":1,"minecraft:crafting_table":1,"minecraft:wooden_pickaxe":1,"medieval_craft_weapons:lance":2,"minecraft:stone_axe":1,"minecraft:air":0,"ageofweapons:longstick_wood":1,"ageofweapons:hammer":1,"minecraft:stick":8,"minecraft:stone_pickaxe":1,"medieval_craft_weapons:mighty_stick":2},"minecraft:broken":{"medieval_craft_weapons:lance":1,"medieval_craft_weapons:mighty_stick":1},"minecraft:killed_by":{"minecraft:spider":1,"minecraft:zombie":1,"alexsmobs:emu":1,"medieval_craft_weapons:knight":2,"medieval_craft_weapons:soldier":4},"minecraft:killed":{"aquaculture:bluegill":1,"medieval_craft_weapons:archer":1,"alexsmobs:rhinoceros":1,"minecraft:creeper":1,"alexsmobs:emu":1,"medieval_craft_weapons:soldier":1,"minecraft:zombie":6,"alexsmobs:gazelle":1,"minecraft:drowned":1,"alexsmobs:fly":1,"minecraft:cow":1},"minecraft:picked_up":{"iceandfire:dragon_skull_lightning":1,"minecraft:iron_chestplate":1,"minecraft:crafting_table":2,"minecraft:feather":1,"minecraft:leather":1,"alexsmobs:acacia_blossom":1,"minecraft:potato":1,"minecraft:gunpowder":2,"medieval_craft_weapons:plate_chestplate":3,"minecraft:string":2,"minecraft:dirt":18,"minecraft:iron_leggings":1,"minecraft:cooked_mutton":10,"minecraft:armor_stand":2,"minecraft:stone_bricks":3,"alexsmobs:emu_feather":5,"minecraft:wheat_seeds":8,"aquaculture:bluegill":1,"minecraft:beef":3,"minecraft:oak_planks":27,"minecraft:iron_boots":1,"medieval_craft_weapons:sword_1":1,"minecraft:stick":5,"medieval_craft_weapons:soldiera_chestplate":1,"minecraft:torch":1,"medieval_craft_weapons:titanite_nugget_1":1,"mobdropsrecipes_overworld:overworld_essence_common":5,"medieval_craft_weapons:spear_1":1,"minecraft:white_bed":2,"iceandfire:lightning_lily":1,"minecraft:rotten_flesh":7,"minecraft:iron_helmet":1,"alexsmobs:maggot":2,"minecraft:mutton":1,"minecraft:coal":8,"minecraft:cobblestone":49},"minecraft:custom":{"minecraft:interact_with_furnace":3,"minecraft:mob_kills":19,"minecraft:interact_with_crafting_table":33,"minecraft:time_since_death":1961,"minecraft:sleep_in_bed":4,"minecraft:time_since_rest":1260,"minecraft:sprint_one_cm":151344,"minecraft:damage_taken":3474,"minecraft:walk_one_cm":119310,"minecraft:drop":21,"minecraft:damage_dealt":3711,"minecraft:swim_one_cm":15660,"minecraft:fly_one_cm":315309,"minecraft:player_kills":1,"minecraft:open_chest":1,"minecraft:crouch_one_cm":15214,"minecraft:play_time":84787,"tombstone:undead_killed":7,"minecraft:deaths":10,"minecraft:sneak_time":5516,"minecraft:walk_under_water_one_cm":11090,"minecraft:jump":1447,"minecraft:walk_on_water_one_cm":24125,"minecraft:total_world_time":84787,"minecraft:fall_one_cm":30811},"minecraft:mined":{"iceandfire:lightning_lily":1,"minecraft:crafting_table":2,"minecraft:grass_block":4,"minecraft:tall_grass":16,"minecraft:cobblestone":18,"minecraft:oak_planks":1,"minecraft:wall_torch":2,"minecraft:grass":73,"minecraft:coal_ore":8,"minecraft:dirt":6,"minecraft:acacia_planks":1,"minecraft:stone_bricks":3,"minecraft:stone":18,"minecraft:oak_leaves":4},"minecraft:dropped":{"alexsmobs:maggot":2,"minecraft:wheat_seeds":8,"alexsmobs:animal_dictionary":1,"minecraft:iron_helmet":2,"minecraft:iron_boots":3,"medieval_craft_weapons:soldiera_leggings":1,"medieval_craft_weapons:lance":1,"minecraft:stick":1,"iceandfire:lightning_lily":1,"minecraft:iron_chestplate":1,"medieval_craft_weapons:plate_chestplate":2,"medieval_craft_weapons:soldiera_chestplate":2,"minecraft:iron_leggings":1,"minecraft:stone_bricks":1,"alexsmobs:emu_feather":1}},"DataVersion":3465}