{"stats":{"minecraft:broken":{"medieval_craft_weapons:mighty_stick":1,"medieval_craft_weapons:spear_1":1,"medieval_craft_weapons:lance":1},"minecraft:dropped":{"medieval_craft_weapons:soldiera_boots":2,"minecraft:wheat_seeds":10,"minecraft:diamond":2,"unusualprehistory:mezo_fossil":11,"minecraft:feather":1,"minecraft:iron_helmet":2,"aquaculture:minnow":1,"medieval_craft_weapons:soldiera_leggings":1,"minecraft:granite":1,"medieval_craft_weapons:lance":1,"minecraft:acacia_log":1,"minecraft:stick":12,"minecraft:diorite":2,"tombstone:grave_key":1,"iceandfire:lightning_lily":1,"medieval_craft_weapons:plate_chestplate":2,"medieval_craft_weapons:soldiera_chestplate":2,"minecraft:iron_leggings":1,"alexsmobs:emu_feather":1,"minecraft:string":1,"ageofweapons:longstick_wood":1,"minecraft:acacia_planks":1,"minecraft:gravel":1,"alexsmobs:maggot":2,"alexsmobs:acacia_blossom":1,"alexsmobs:animal_dictionary":1,"minecraft:iron_boots":3,"medieval_craft_weapons:mighty_stick":1,"minecraft:iron_chestplate":2,"minecraft:andesite":17,"minecraft:acacia_sapling":2,"minecraft:spider_eye":1,"minecraft:stone_bricks":1,"minecraft:wooden_pickaxe":2,"medieval_craft_weapons:greatsword":1},"minecraft:killed_by":{"minecraft:spider":1,"alexsmobs:emu":1,"medieval_craft_weapons:heavyknight":1,"medieval_craft_weapons:archer":2,"iceandfire:lightning_dragon":2,"minecraft:zombie":1,"medieval_craft_weapons:knight":3,"medieval_craft_weapons:soldier":5},"minecraft:crafted":{"minecraft:oak_planks":76,"comforts:sleeping_bag_white":1,"iceandfire:dragon_stick":1,"medieval_craft_weapons:lance":2,"minecraft:diamond_shovel":1,"minecraft:stone_pickaxe":1,"medieval_craft_weapons:mighty_stick":2,"minecraft:cooked_beef":1,"ageofweapons:medium_stone_blank":1,"minecraft:crafting_table":3,"minecraft:wooden_pickaxe":2,"minecraft:smithing_table":1,"minecraft:stone_axe":1,"comforts:sleeping_bag_light_gray":1,"minecraft:air":0,"minecraft:oak_boat":2,"ageofweapons:longstick_wood":1,"minecraft:diamond_pickaxe":1,"minecraft:shield":1,"ageofweapons:hammer":1,"minecraft:stick":20,"minecraft:wooden_axe":1,"minecraft:acacia_planks":56},"minecraft:mined":{"iceandfire:lightning_lily":1,"minecraft:blue_stained_glass_pane":1,"iceandfire:silver_ore":8,"unusualprehistory:stone_amber_ore":7,"minecraft:granite":2,"minecraft:acacia_log":17,"minecraft:grass_block":9,"unusualprehistory:plant_fossil":12,"minecraft:red_stained_glass_pane":1,"minecraft:tall_seagrass":12,"minecraft:redstone_ore":4,"minecraft:iron_ore":14,"minecraft:andesite":17,"biomesoplenty:high_grass":16,"minecraft:stone":148,"minecraft:white_wool":5,"minecraft:spruce_slab":8,"minecraft:acacia_leaves":1,"unusualprehistory:stone_opal_ore":1,"minecraft:oak_fence":3,"minecraft:crafting_table":3,"minecraft:chest":4,"biomesoplenty:high_grass_plant":16,"minecraft:copper_ore":25,"minecraft:tall_grass":20,"minecraft:cobblestone":40,"minecraft:lapis_ore":4,"minecraft:oak_planks":4,"minecraft:diorite":2,"minecraft:wall_torch":4,"minecraft:seagrass":5,"minecraft:spruce_stairs":10,"minecraft:birch_log":5,"unusualprehistory:stone_fossil":23,"minecraft:birch_leaves":15,"minecraft:light_gray_wool":4,"minecraft:grass":124,"minecraft:oak_log":3,"minecraft:coal_ore":10,"minecraft:gravel":1,"minecraft:dirt":24,"minecraft:acacia_planks":16,"minecraft:stone_bricks":3,"minecraft:fern":2,"minecraft:oak_leaves":13,"minecraft:deepslate":12},"minecraft:custom":{"minecraft:interact_with_smithing_table":2,"minecraft:mob_kills":94,"minecraft:interact_with_crafting_table":57,"minecraft:eat_cake_slice":9,"minecraft:leave_game":1,"minecraft:time_since_death":4993,"minecraft:climb_one_cm":5142,"minecraft:sprint_one_cm":465118,"minecraft:walk_one_cm":296476,"minecraft:damage_blocked_by_shield":1045,"minecraft:drop":49,"minecraft:talked_to_villager":1,"minecraft:raid_win":1,"minecraft:play_time":227858,"minecraft:deaths":18,"minecraft:sneak_time":23183,"minecraft:walk_under_water_one_cm":18510,"minecraft:jump":4395,"minecraft:walk_on_water_one_cm":49334,"minecraft:total_world_time":227858,"minecraft:interact_with_furnace":3,"tombstone:raider_killed":5,"minecraft:sleep_in_bed":11,"minecraft:time_since_rest":3102,"minecraft:damage_taken":7059,"minecraft:damage_dealt":15406,"minecraft:swim_one_cm":107446,"minecraft:fly_one_cm":881909,"minecraft:player_kills":1,"minecraft:open_chest":73,"minecraft:crouch_one_cm":61511,"tombstone:undead_killed":17,"minecraft:fall_one_cm":98115},"minecraft:killed":{"aquaculture:bluegill":1,"minecraft:vindicator":1,"minecraft:spider":4,"medieval_craft_weapons:archer":17,"medieval_craft_weapons:knight":21,"minecraft:skeleton":4,"medieval_craft_weapons:soldier":13,"minecraft:drowned":1,"minecraft:ravager":1,"alexsmobs:rhinoceros":1,"minecraft:creeper":1,"alexsmobs:emu":1,"alexsmobs:catfish":1,"minecraft:pillager":3,"aquaculture:minnow":1,"alexsmobs:crocodile":1,"minecraft:zombie":12,"alexsmobs:gazelle":2,"alexsmobs:fly":1,"medieval_craft_weapons:heavyknight":2,"minecraft:cow":1},"minecraft:used":{"minecraft:chest":4,"minecraft:shield":38,"medieval_craft_weapons:sword_1":52,"medieval_craft_weapons:mighty_stick":169,"minecraft:rotten_flesh":9,"minecraft:iron_chestplate":2,"aquaculture:bluegill":1,"minecraft:dirt":50,"minecraft:mutton":2,"minecraft:spruce_stairs":1,"medieval_craft_weapons:lance":79,"minecraft:wooden_axe":15,"minecraft:iron_helmet":1,"minecraft:iron_boots":1,"minecraft:stone_bricks":2,"comforts:sleeping_bag_white":2,"tombstone:gift":3,"medieval_craft_weapons:spear_1":1,"minecraft:cooked_beef":1,"minecraft:potato":1,"minecraft:acacia_planks":52,"minecraft:cooked_mutton":10,"comforts:sleeping_bag_light_gray":3,"minecraft:stone_pickaxe":63,"minecraft:baked_potato":30,"minecraft:oak_planks":29,"minecraft:wooden_pickaxe":15,"minecraft:white_wool":3,"minecraft:crafting_table":6,"minecraft:spider_eye":1,"minecraft:white_bed":2,"minecraft:diamond_pickaxe":294,"minecraft:diamond_shovel":16,"minecraft:bread":1,"medieval_craft_weapons:greatsword":239,"minecraft:stone_axe":65,"minecraft:cobblestone":177,"minecraft:smithing_table":1,"minecraft:oak_boat":3,"alexsmobs:animal_dictionary":1},"minecraft:picked_up":{"minecraft:wooden_axe":1,"iceandfire:dragon_skull_lightning":1,"minecraft:crafting_table":3,"minecraft:iron_chestplate":1,"unusualprehistory:amber_shard":3,"minecraft:wooden_pickaxe":3,"medieval_craft_weapons:plate_boots":1,"tombstone:grave_key":1,"minecraft:raw_copper":92,"alexsmobs:gazelle_horn":1,"minecraft:string":6,"minecraft:iron_leggings":1,"minecraft:armor_stand":2,"alexsmobs:emu_feather":5,"aquaculture:bluegill":1,"minecraft:cobbled_deepslate":11,"comforts:sleeping_bag_white":1,"minecraft:beef":3,"minecraft:oak_boat":3,"unusualprehistory:plant_fossil_item":12,"minecraft:light_gray_wool":4,"minecraft:spruce_slab":7,"minecraft:chest":4,"minecraft:birch_sapling":2,"minecraft:iron_boots":1,"medieval_craft_weapons:mace":1,"minecraft:stick":34,"minecraft:raw_iron":14,"minecraft:oak_fence":3,"minecraft:torch":2,"medieval_craft_weapons:titanite_nugget_1":4,"minecraft:acacia_log":17,"mobdropsrecipes_overworld:overworld_essence_common":5,"minecraft:spruce_stairs":9,"medieval_craft_weapons:spear_1":1,"minecraft:diorite":2,"medieval_craft_weapons:spear_2":2,"minecraft:redstone":19,"medieval_craft_weapons:soldiera_boots":1,"iceandfire:lightning_lily":1,"minecraft:arrow":5,"minecraft:rotten_flesh":13,"minecraft:saddle":1,"minecraft:gold_ingot":10,"minecraft:mutton":2,"minecraft:white_wool":5,"minecraft:cobblestone":200,"medieval_craft_weapons:greatsword":1,"minecraft:birch_log":6,"minecraft:feather":1,"minecraft:jungle_log":1,"minecraft:andesite":17,"minecraft:leather":4,"alexsmobs:acacia_blossom":1,"minecraft:potato":1,"minecraft:oak_log":1,"minecraft:gunpowder":2,"medieval_craft_weapons:plate_chestplate":4,"minecraft:lapis_lazuli":28,"minecraft:dirt":59,"minecraft:white_banner":1,"comforts:sleeping_bag_light_gray":1,"minecraft:cooked_mutton":10,"minecraft:bone":3,"minecraft:acacia_planks":13,"minecraft:apple":2,"minecraft:stone_bricks":3,"minecraft:wheat_seeds":17,"minecraft:iron_ingot":11,"aquaculture:minnow":1,"minecraft:oak_planks":31,"minecraft:acacia_sapling":3,"medieval_craft_weapons:sword_1":1,"medieval_craft_weapons:soldiera_chestplate":1,"medieval_craft_weapons:plate_leggings":1,"minecraft:gravel":1,"medieval_craft_weapons:plate_helmet":1,"minecraft:white_bed":2,"minecraft:spider_eye":2,"minecraft:bundle":1,"minecraft:diamond":12,"minecraft:iron_helmet":1,"minecraft:granite":1,"minecraft:emerald":1,"minecraft:bread":1,"alexsmobs:maggot":2,"minecraft:baked_potato":1,"unusualprehistory:amber_fossil":2,"minecraft:coal":10,"iceandfire:raw_silver":7,"unusualprehistory:mezo_fossil":34}},"DataVersion":3465}