{"stats":{"minecraft:crafted":{"immersiveengineering:hammer":1,"sophisticatedbackpacks:backpack":1,"minecraft:crafting_table":1,"biomesoplenty:mahogany_planks":40,"minecraft:chainmail_chestplate":1,"minecraft:furnace":2,"create:iron_sheet":1,"minecraft:stone_axe":1,"minecraft:air":56,"minecraft:leather":13,"immersiveengineering:wirecutter":1,"minecraft:stick":4,"apocalypsenow:cooked_human_flesh":7,"minecraft:iron_ingot":12,"minecraft:wooden_axe":1},"minecraft:used":{"biomesoplenty:mahogany_planks":23,"apocalypsenow:cooked_human_flesh":1,"minecraft:acacia_log":1,"minecraft:stone_pickaxe":69,"biomesoplenty:mahogany_trapdoor":3,"minecraft:chest":6,"minecraft:wooden_pickaxe":17,"minecraft:torch":5,"minecraft:dirt":29,"minecraft:lily_of_the_valley":1,"minecraft:crafting_table":2,"minecraft:smoker":1,"minecraft:wooden_axe":35,"minecraft:apple":3,"apocalypsenow:iron_baseball_bat":40,"apocalypsenow:baseball_bat":33,"minecraft:melon_slice":39,"minecraft:iron_pickaxe":17,"simplylight:lamp_post":5,"minecraft:stone_axe":1,"carryon:tile_item":2,"minecraft:cobblestone":12,"minecraft:potion":9,"chalk:blue_chalk":2,"minecraft:furnace":2,"pfm:oak_gray_simple_bed":2},"minecraft:dropped":{"minecraft:sweet_berries":3,"alexsmobs:animal_dictionary":1,"minecraft:rotten_flesh":2,"patchouli:guide_book":1,"minecraft:dirt":1,"immersiveengineering:manual":1,"solcarrot:food_book":1,"pfm:furniture_book":1,"minecraft:wooden_pickaxe":1,"ftbquests:book":1},"minecraft:killed":{"zombiemobs:zombie_pig":1,"zombie_extreme:crawler":1,"minecraft:husk":7,"hordes:zombie_player":2,"undead_revamp2:thesmoker":1,"minecraft:zombie":8,"alexsmobs:fly":1},"minecraft:mined":{"lootr:lootr_chest":1,"minecraft:lily_of_the_valley":1,"minecraft:crafting_table":1,"minecraft:torch":2,"minecraft:acacia_log":1,"minecraft:melon":17,"minecraft:grass_block":11,"minecraft:gray_stained_glass":3,"minecraft:chest":4,"rocks:jungle_stick":2,"rocks:rock":1,"biomesoplenty:mahogany_trapdoor":1,"minecraft:light_gray_stained_glass":1,"biomesoplenty:mahogany_log":9,"minecraft:iron_ore":12,"minecraft:sweet_berry_bush":2,"rocks:oak_stick":1,"minecraft:grass":3,"minecraft:oak_log":2,"minecraft:coal_ore":11,"rocks:birch_stick":1,"minecraft:dirt":20,"pfm:oak_gray_simple_bed":3,"minecraft:stone":54,"simplylight:lamp_post":5,"minecraft:oak_leaves":1,"minecraft:fern":8},"minecraft:picked_up":{"minecraft:wooden_axe":1,"biomesoplenty:mahogany_trapdoor":1,"tac:round45":2,"immersiveengineering:wirecutter":1,"minecraft:crafting_table":1,"minecraft:leather_chestplate":1,"minecraft:wooden_pickaxe":4,"minecraft:potion":5,"minecraft:oak_log":2,"minecraft:chainmail_chestplate":1,"minecraft:string":37,"minecraft:dirt":48,"pfm:oak_gray_simple_bed":4,"minecraft:leather_boots":2,"apocalypsenow:cooked_human_flesh":5,"minecraft:bone":38,"createaddition:iron_wire":1,"apocalypsenow:human_flesh":7,"minecraft:stone_pickaxe":2,"minecraft:iron_pickaxe":1,"minecraft:glass_bottle":15,"tac:9mm_round":4,"minecraft:melon_slice":160,"simplylight:lamp_post":7,"minecraft:chest":6,"biomesoplenty:mahogany_planks":54,"apocalypsenow:grape_juice":6,"quark:light_gray_shard":9,"minecraft:stick":21,"minecraft:raw_iron":12,"minecraft:sweet_berries":12,"patchouli:guide_book":5,"chalk:red_chalk":2,"minecraft:torch":16,"minecraft:acacia_log":1,"chalk:blue_chalk":2,"minecraft:lily_of_the_valley":1,"apocalypsenow:iron_baseball_bat":2,"alexsmobs:animal_dictionary":2,"minecraft:leather_helmet":2,"biomesoplenty:mahogany_log":93,"minecraft:rotten_flesh":35,"biomesoplenty:mahogany_sapling":15,"minecraft:bread":16,"alexsmobs:maggot":4,"quark:gray_shard":30,"rocks:cobblestone_splitter":3,"immersiveengineering:hammer":1,"minecraft:coal":18,"minecraft:cobblestone":91},"minecraft:killed_by":{"minecraft:husk":2,"minecraft:player":1,"minecraft:zombie":2,"hordes:zombie_player":2,"undead_revamp2:thesmoker":1},"minecraft:broken":{"apocalypsenow:baseball_bat":1},"minecraft:custom":{"minecraft:interact_with_furnace":19,"lootr:looted_stat":2,"minecraft:mob_kills":21,"minecraft:interact_with_crafting_table":32,"minecraft:leave_game":3,"minecraft:time_since_death":27581,"minecraft:sleep_in_bed":2,"minecraft:climb_one_cm":1546,"minecraft:time_since_rest":27605,"minecraft:sprint_one_cm":249679,"minecraft:damage_taken":3019,"minecraft:walk_one_cm":217669,"minecraft:drop":10,"minecraft:damage_dealt":2234,"minecraft:talked_to_villager":1,"minecraft:swim_one_cm":1251,"minecraft:fly_one_cm":239313,"minecraft:open_chest":28,"minecraft:crouch_one_cm":23435,"minecraft:play_time":113334,"minecraft:deaths":9,"minecraft:sneak_time":7179,"minecraft:walk_under_water_one_cm":261,"minecraft:jump":1453,"minecraft:walk_on_water_one_cm":1806,"minecraft:total_world_time":113334,"minecraft:interact_with_smoker":6,"minecraft:fall_one_cm":41924}},"DataVersion":2975}