{"stats":{"minecraft:killed":{"minecraft:sheep":3,"minecraft:zombie":6,"minecraft:pig":2,"minecraft:spider":2,"medieval_craft_weapons:archer":3,"minecraft:cow":5},"minecraft:mined":{"minecraft:birch_log":6,"minecraft:crafting_table":2,"minecraft:grass":3,"minecraft:oak_log":75,"minecraft:cobblestone":5,"minecraft:stone":30,"minecraft:oak_leaves":1},"minecraft:dropped":{"alexsmobs:animal_dictionary":1,"minecraft:birch_sapling":1,"minecraft:oak_sapling":12,"minecraft:oak_planks":1},"minecraft:used":{"minecraft:stone_sword":67,"minecraft:apple":4,"minecraft:stone_pickaxe":5,"minecraft:wooden_pickaxe":30,"minecraft:stone_axe":90,"minecraft:cobblestone":9,"minecraft:crafting_table":3,"minecraft:furnace":1,"minecraft:oak_sapling":4,"tombstone:gift":1,"comforts:sleeping_bag_white":1,"minecraft:cooked_beef":3},"minecraft:crafted":{"minecraft:cooked_beef":7,"minecraft:oak_planks":12,"minecraft:crafting_table":1,"minecraft:stick":8,"comforts:sleeping_bag_white":1,"minecraft:wooden_pickaxe":1,"minecraft:stone_pickaxe":1,"minecraft:stone_sword":1,"minecraft:furnace":1,"minecraft:stone_axe":1,"minecraft:air":0},"minecraft:custom":{"minecraft:time_since_rest":2083,"minecraft:interact_with_furnace":5,"minecraft:sprint_one_cm":86178,"minecraft:damage_taken":895,"minecraft:walk_one_cm":38834,"minecraft:mob_kills":21,"minecraft:drop":5,"minecraft:damage_dealt":2489,"minecraft:swim_one_cm":4560,"minecraft:interact_with_crafting_table":11,"minecraft:fly_one_cm":83783,"minecraft:play_time":34620,"minecraft:crouch_one_cm":8006,"tombstone:undead_killed":6,"minecraft:deaths":2,"minecraft:sneak_time":2196,"minecraft:walk_under_water_one_cm":2984,"minecraft:jump":477,"minecraft:time_since_death":3406,"minecraft:walk_on_water_one_cm":5078,"minecraft:sleep_in_bed":1,"minecraft:total_world_time":34620,"minecraft:fall_one_cm":3390},"minecraft:killed_by":{"medieval_craft_weapons:archer":1},"minecraft:picked_up":{"minecraft:birch_log":6,"minecraft:stick":19,"minecraft:crafting_table":2,"minecraft:leather":6,"minecraft:porkchop":4,"minecraft:oak_log":70,"tombstone:grave_dust":2,"minecraft:string":1,"alexsmobs:animal_dictionary":1,"minecraft:rotten_flesh":10,"minecraft:apple":4,"comforts:sleeping_bag_white":1,"minecraft:beef":7,"minecraft:oak_sapling":16,"minecraft:birch_sapling":1,"minecraft:mutton":5,"minecraft:oak_planks":1,"minecraft:white_wool":3,"minecraft:cobblestone":35}},"DataVersion":3465}