{"stats":{"minecraft:killed":{"alexsmobs:dropbear":2,"minecraft:zombified_piglin":5,"minecraft:spider":5,"medieval_craft_weapons:archer":9,"medieval_craft_weapons:knight":27,"minecraft:skeleton":4,"medieval_craft_weapons:soldier":33,"iceandfire:fire_dragon":1,"minecraft:chicken":1,"minecraft:silverfish":1,"alexsmobs:bison":1,"minecraft:piglin":1,"minecraft:pig":2,"minecraft:hoglin":1,"alexsmobs:crimson_mosquito":1,"minecraft:sheep":4,"minecraft:pillager":2,"minecraft:zombie":17,"minecraft:donkey":1,"iceandfire:ghost":8,"unusualprehistory:sludge":2,"alexsmobs:crow":1,"minecraft:wither_skeleton":11,"minecraft:blaze":3,"minecraft:cow":8,"medieval_craft_weapons:heavyknight":4},"minecraft:broken":{"minecraft:stone_axe":1},"minecraft:mined":{"biomesoplenty:brimstone":1,"biomesoplenty:bramble":8,"biomesoplenty:burning_blossom":13,"minecraft:nether_bricks":2,"biomesoplenty:bush":4,"minecraft:grass_block":37,"minecraft:infested_cobblestone":1,"biomesoplenty:dead_grass":1,"comforts:sleeping_bag_white":1,"minecraft:oak_trapdoor":2,"minecraft:glowstone":1,"minecraft:furnace":1,"minecraft:iron_ore":8,"minecraft:fire":30,"minecraft:nether_brick_stairs":3,"minecraft:bookshelf":16,"iceandfire:gold_pile":102,"minecraft:vine":1,"minecraft:iron_bars":2,"minecraft:stripped_oak_log":1,"minecraft:stone":71,"minecraft:tripwire":9,"minecraft:spruce_slab":1,"minecraft:blackstone":12,"minecraft:smoker":1,"minecraft:crafting_table":6,"minecraft:torch":5,"iceandfire:ghost_chest":3,"minecraft:nether_brick_slab":1,"minecraft:cobblestone":5,"biomesoplenty:sprout":2,"minecraft:oak_planks":27,"minecraft:wall_torch":6,"minecraft:polished_blackstone_slab":2,"minecraft:polished_blackstone_stairs":1,"minecraft:birch_log":13,"unusualprehistory:tar":36,"minecraft:wither_rose":1,"minecraft:grass":37,"minecraft:oak_log":96,"minecraft:gravel":1,"minecraft:dirt":10,"minecraft:cracked_stone_bricks":1,"minecraft:polished_blackstone":5,"minecraft:tripwire_hook":1,"minecraft:stone_bricks":10,"minecraft:netherrack":13,"unusualprehistory:splattered_tar":1,"minecraft:mossy_stone_bricks":1,"minecraft:oak_leaves":3},"minecraft:dropped":{"minecraft:iron_ingot":10,"minecraft:bread":30,"minecraft:soul_sand":2,"minecraft:wheat_seeds":3,"minecraft:lilac":4,"minecraft:polished_blackstone":5,"minecraft:crafting_table":1,"minecraft:cooked_porkchop":19,"minecraft:spectral_arrow":28,"minecraft:cobblestone":2,"minecraft:cracked_stone_bricks":1,"minecraft:polished_blackstone_stairs":1,"minecraft:dirt":12,"minecraft:gray_wool":1,"biomesoplenty:brimstone":1,"minecraft:gold_nugget":14,"minecraft:polished_blackstone_slab":2,"minecraft:bone":2,"minecraft:string":8,"minecraft:birch_log":6,"minecraft:tripwire_hook":4,"minecraft:gold_ingot":1173,"minecraft:gravel":151,"minecraft:nether_brick_slab":1,"minecraft:blackstone":28,"minecraft:lever":1,"medieval_craft_weapons:plate_boots":1,"minecraft:stone_sword":5,"alexsmobs:animal_dictionary":2,"medieval_craft_weapons:long_sword":2,"minecraft:birch_sapling":7,"minecraft:rotten_flesh":24,"minecraft:oak_planks":10,"minecraft:stripped_oak_log":2,"minecraft:nether_bricks":1,"minecraft:shears":1,"minecraft:mossy_stone_bricks":1,"minecraft:leather_boots":1,"minecraft:oak_sapling":32,"iceandfire:bestiary":1,"minecraft:spruce_slab":1,"minecraft:arrow":30,"minecraft:wooden_pickaxe":2,"minecraft:quartz":19,"medieval_craft_weapons:greatsword":5,"minecraft:netherrack":10},"minecraft:crafted":{"minecraft:oak_planks":160,"minecraft:tripwire_hook":2,"medieval_craft_weapons:pole_axe":1,"comforts:sleeping_bag_white":1,"minecraft:furnace":2,"minecraft:lever":1,"minecraft:cooked_mutton":5,"minecraft:oak_trapdoor":2,"minecraft:stone_pickaxe":1,"minecraft:chest":3,"minecraft:golden_boots":1,"minecraft:smoker":1,"minecraft:cooked_beef":7,"medieval_craft_weapons:long_sword":1,"sophisticatedbackpacks:backpack":1,"minecraft:cooked_porkchop":4,"minecraft:crafting_table":5,"minecraft:wooden_pickaxe":2,"minecraft:bucket":1,"minecraft:birch_planks":28,"minecraft:stone_axe":1,"minecraft:air":0,"medieval_craft_weapons:sword_1":2,"minecraft:charcoal":17,"minecraft:shield":2,"minecraft:stick":16,"minecraft:iron_ingot":8,"minecraft:iron_pickaxe":1,"minecraft:iron_block":3,"minecraft:stone_sword":1,"minecraft:gold_ingot":139,"minecraft:anvil":1,"minecraft:torch":4,"minecraft:shears":1,"minecraft:diamond_chestplate":1},"minecraft:used":{"minecraft:oak_trapdoor":4,"minecraft:stone_sword":94,"minecraft:chest":2,"minecraft:shield":101,"medieval_craft_weapons:sword_1":69,"minecraft:iron_sword":55,"minecraft:netherrack":7,"minecraft:iron_chestplate":1,"minecraft:torch":2,"minecraft:dirt":35,"minecraft:anvil":1,"minecraft:obsidian":2,"iceandfire:ghost_chest":2,"minecraft:stone_bricks":2,"minecraft:tripwire_hook":1,"biomesoplenty:burning_blossom":2,"minecraft:oak_sapling":4,"minecraft:furnace":1,"tombstone:gift":2,"medieval_craft_weapons:long_sword":245,"minecraft:egg":1,"comforts:sleeping_bag_white":4,"minecraft:cooked_beef":7,"unusualprehistory:tar_bucket":15,"minecraft:cooked_mutton":1,"minecraft:water_bucket":15,"minecraft:oak_planks":128,"minecraft:stone_pickaxe":91,"minecraft:blackstone":162,"minecraft:wooden_pickaxe":46,"minecraft:crafting_table":9,"minecraft:crossbow":36,"minecraft:smoker":1,"minecraft:shears":3,"waystones:waystone":1,"minecraft:apple":5,"minecraft:string":17,"minecraft:iron_pickaxe":160,"minecraft:bread":54,"minecraft:gravel":16,"medieval_craft_weapons:greatsword":237,"minecraft:stone_axe":136,"medieval_craft_weapons:pole_axe":86,"minecraft:cobblestone":51,"minecraft:potion":2,"iceandfire:dragon_skull_fire":1,"minecraft:cooked_porkchop":27,"minecraft:bucket":30},"minecraft:custom":{"minecraft:interact_with_anvil":9,"minecraft:mob_kills":162,"minecraft:interact_with_crafting_table":53,"minecraft:open_barrel":30,"minecraft:eat_cake_slice":9,"minecraft:leave_game":7,"minecraft:time_since_death":9589,"minecraft:climb_one_cm":1456,"minecraft:sprint_one_cm":676985,"minecraft:walk_one_cm":375595,"minecraft:damage_blocked_by_shield":1836,"minecraft:drop":137,"minecraft:damage_dealt_absorbed":120,"minecraft:play_time":272392,"minecraft:sneak_time":24238,"minecraft:deaths":14,"minecraft:walk_under_water_one_cm":33003,"minecraft:jump":6027,"minecraft:walk_on_water_one_cm":54331,"minecraft:total_world_time":272392,"minecraft:interact_with_furnace":27,"tombstone:raider_killed":2,"minecraft:sleep_in_bed":4,"minecraft:time_since_rest":8972,"minecraft:waystone_activated":3,"minecraft:damage_taken":9311,"minecraft:trigger_trapped_chest":7,"minecraft:damage_dealt":29034,"minecraft:swim_one_cm":76733,"minecraft:fly_one_cm":1231763,"minecraft:open_chest":111,"minecraft:crouch_one_cm":71328,"tombstone:undead_killed":45,"minecraft:interact_with_smoker":7,"minecraft:fall_one_cm":139876},"minecraft:killed_by":{"alexsmobs:bison":1,"medieval_craft_weapons:archer":2,"iceandfire:ghost":1,"medieval_craft_weapons:knight":1,"medieval_craft_weapons:soldier":1,"iceandfire:fire_dragon":3},"minecraft:picked_up":{"minecraft:charcoal":12,"minecraft:crafting_table":6,"biomesoplenty:burning_blossom":11,"minecraft:allium":1,"iceandfire:witherbone":5,"aquaculture:synodontis":1,"minecraft:splash_potion":1,"minecraft:chicken":1,"minecraft:wooden_pickaxe":1,"minecraft:enchanted_book":3,"minecraft:wither_rose":2,"minecraft:potion":4,"medieval_craft_weapons:plate_boots":1,"minecraft:nether_brick":34,"minecraft:oak_trapdoor":2,"medieval_craft_weapons:pole_axe":2,"minecraft:string":53,"alexsmobs:pigshoes":2,"minecraft:armor_stand":4,"minecraft:blackstone":190,"biomesoplenty:brimstone":1,"minecraft:cracked_stone_bricks":1,"iceandfire:graveyard_soil":4,"iceandfire:bestiary":1,"alexsmobs:blood_sac":1,"minecraft:diamond_leggings":1,"minecraft:gold_nugget":1258,"comforts:sleeping_bag_white":5,"minecraft:beef":21,"minecraft:iron_nugget":13,"minecraft:spruce_slab":1,"minecraft:birch_sapling":7,"minecraft:furnace":1,"minecraft:egg":2,"minecraft:raw_iron":8,"unusualprehistory:tar_fossil_item":8,"minecraft:stick":39,"iceandfire:dragonbone":11,"iceandfire:ghost_chest":3,"minecraft:polished_blackstone_stairs":1,"minecraft:torch":11,"medieval_craft_weapons:titanite_nugget_1":8,"alexsmobs:straddlite":1,"minecraft:fire_charge":15,"minecraft:porkchop":4,"tombstone:grave_dust":5,"minecraft:stone_sword":4,"minecraft:arrow":2,"minecraft:rotten_flesh":40,"minecraft:nether_bricks":1,"minecraft:shears":1,"minecraft:diamond_boots":1,"iceandfire:fire_dragon_heart":2,"minecraft:gold_ingot":1033,"tombstone:essence_of_undeath":1,"minecraft:polished_blackstone":5,"minecraft:brick_stairs":1,"minecraft:blaze_rod":2,"minecraft:obsidian":12,"minecraft:mutton":12,"minecraft:iron_bars":2,"minecraft:white_wool":7,"minecraft:cobblestone":74,"medieval_craft_weapons:greatsword":5,"minecraft:stripped_oak_log":2,"minecraft:birch_log":27,"minecraft:lilac":5,"minecraft:feather":2,"minecraft:cooked_beef":6,"minecraft:tripwire_hook":3,"minecraft:leather":54,"minecraft:smoker":1,"minecraft:filled_map":1,"alexsmobs:bison_fur":2,"minecraft:flint":1,"minecraft:oak_log":111,"medieval_craft_weapons:long_sword":4,"minecraft:gunpowder":2,"minecraft:wither_skeleton_skull":1,"minecraft:dirt":66,"iceandfire:dragonscales_bronze":42,"minecraft:white_banner":1,"minecraft:cooked_mutton":1,"minecraft:leather_boots":2,"minecraft:bone":17,"minecraft:apple":8,"minecraft:stone_bricks":19,"medieval_craft_weapons:greathelmet_helmet":1,"minecraft:wheat_seeds":5,"minecraft:iron_ingot":6,"minecraft:mossy_stone_bricks":1,"minecraft:glowstone_dust":2,"iceandfire:fire_dragon_flesh":10,"minecraft:oak_planks":59,"minecraft:soul_sand":56,"minecraft:book":48,"medieval_craft_weapons:sword_1":3,"aquaculture:smallmouth_bass":1,"aquaculture:gar":1,"minecraft:cooked_porkchop":4,"medieval_craft_weapons:plate_leggings":2,"minecraft:polished_blackstone_slab":2,"minecraft:quartz":76,"minecraft:gravel":191,"iceandfire:dragon_skull_fire":1,"minecraft:nether_brick_slab":1,"minecraft:crying_obsidian":32,"minecraft:spider_eye":1,"minecraft:spectral_arrow":111,"alexsmobs:animal_dictionary":2,"minecraft:brick_slab":2,"biomesoplenty:bramble":8,"waystones:waystone":1,"tombstone:magic_scroll":1,"minecraft:crossbow":1,"minecraft:gray_wool":1,"minecraft:chainmail_helmet":1,"minecraft:bread":28,"minecraft:oak_sapling":37,"minecraft:coal":1,"minecraft:netherrack":25,"minecraft:ender_pearl":7}},"DataVersion":3465}