{"stats":{"minecraft:killed":{"minecraft:spider":5,"medieval_craft_weapons:archer":9,"medieval_craft_weapons:knight":27,"minecraft:skeleton":4,"medieval_craft_weapons:soldier":33,"iceandfire:fire_dragon":1,"minecraft:chicken":1,"minecraft:silverfish":1,"alexsmobs:bison":1,"minecraft:pig":2,"minecraft:sheep":4,"minecraft:pillager":2,"minecraft:zombie":17,"minecraft:donkey":1,"iceandfire:ghost":8,"unusualprehistory:sludge":2,"alexsmobs:crow":1,"minecraft:cow":8,"medieval_craft_weapons:heavyknight":4},"minecraft:broken":{"minecraft:stone_axe":1},"minecraft:mined":{"biomesoplenty:brimstone":1,"biomesoplenty:bush":4,"minecraft:grass_block":37,"minecraft:infested_cobblestone":1,"comforts:sleeping_bag_white":1,"minecraft:oak_trapdoor":2,"minecraft:glowstone":1,"minecraft:furnace":1,"minecraft:iron_ore":8,"minecraft:fire":12,"minecraft:bookshelf":16,"iceandfire:gold_pile":102,"minecraft:vine":1,"minecraft:iron_bars":2,"minecraft:stripped_oak_log":1,"minecraft:stone":71,"minecraft:spruce_slab":1,"minecraft:tripwire":9,"minecraft:blackstone":1,"minecraft:smoker":1,"minecraft:crafting_table":6,"minecraft:torch":5,"iceandfire:ghost_chest":3,"minecraft:cobblestone":5,"minecraft:oak_planks":24,"minecraft:wall_torch":6,"minecraft:birch_log":13,"unusualprehistory:tar":36,"minecraft:wither_rose":1,"minecraft:grass":37,"minecraft:oak_log":96,"minecraft:gravel":1,"minecraft:dirt":10,"minecraft:cracked_stone_bricks":1,"minecraft:tripwire_hook":1,"minecraft:stone_bricks":10,"minecraft:netherrack":4,"unusualprehistory:splattered_tar":1,"minecraft:mossy_stone_bricks":1,"minecraft:oak_leaves":3},"minecraft:dropped":{"minecraft:iron_ingot":10,"minecraft:bread":30,"minecraft:wheat_seeds":3,"minecraft:lilac":4,"minecraft:cobblestone":2,"minecraft:cracked_stone_bricks":1,"minecraft:dirt":12,"minecraft:gray_wool":1,"minecraft:string":5,"minecraft:birch_log":6,"minecraft:tripwire_hook":4,"minecraft:gold_ingot":112,"minecraft:gravel":36,"minecraft:lever":1,"medieval_craft_weapons:plate_boots":1,"minecraft:stone_sword":2,"alexsmobs:animal_dictionary":2,"medieval_craft_weapons:long_sword":2,"minecraft:birch_sapling":7,"minecraft:rotten_flesh":20,"minecraft:oak_planks":10,"minecraft:stripped_oak_log":2,"minecraft:shears":1,"minecraft:mossy_stone_bricks":1,"iceandfire:bestiary":1,"minecraft:leather_boots":1,"minecraft:oak_sapling":32,"minecraft:spruce_slab":1,"minecraft:arrow":30,"minecraft:wooden_pickaxe":2,"medieval_craft_weapons:greatsword":5},"minecraft:crafted":{"minecraft:oak_planks":160,"minecraft:tripwire_hook":2,"medieval_craft_weapons:pole_axe":1,"comforts:sleeping_bag_white":1,"minecraft:furnace":2,"minecraft:lever":1,"minecraft:cooked_mutton":5,"minecraft:oak_trapdoor":2,"minecraft:stone_pickaxe":1,"minecraft:chest":3,"minecraft:golden_boots":1,"minecraft:smoker":1,"minecraft:cooked_beef":7,"medieval_craft_weapons:long_sword":1,"minecraft:cooked_porkchop":4,"sophisticatedbackpacks:backpack":1,"minecraft:crafting_table":4,"minecraft:wooden_pickaxe":2,"minecraft:bucket":1,"minecraft:birch_planks":28,"minecraft:stone_axe":1,"minecraft:air":0,"medieval_craft_weapons:sword_1":2,"minecraft:charcoal":17,"minecraft:shield":1,"minecraft:stick":16,"minecraft:iron_ingot":8,"minecraft:iron_pickaxe":1,"minecraft:iron_block":3,"minecraft:stone_sword":1,"minecraft:gold_ingot":139,"minecraft:anvil":1,"minecraft:torch":4,"minecraft:shears":1,"minecraft:diamond_chestplate":1},"minecraft:used":{"minecraft:oak_trapdoor":4,"minecraft:stone_sword":94,"minecraft:chest":2,"minecraft:shield":88,"minecraft:iron_sword":55,"medieval_craft_weapons:sword_1":69,"minecraft:iron_chestplate":1,"minecraft:torch":2,"minecraft:dirt":35,"minecraft:anvil":1,"iceandfire:ghost_chest":2,"minecraft:stone_bricks":2,"minecraft:tripwire_hook":1,"minecraft:oak_sapling":4,"minecraft:furnace":1,"tombstone:gift":2,"medieval_craft_weapons:long_sword":245,"minecraft:egg":1,"comforts:sleeping_bag_white":4,"minecraft:cooked_beef":7,"unusualprehistory:tar_bucket":15,"minecraft:cooked_mutton":1,"minecraft:water_bucket":15,"minecraft:oak_planks":99,"minecraft:stone_pickaxe":91,"minecraft:wooden_pickaxe":46,"minecraft:crafting_table":9,"minecraft:crossbow":36,"minecraft:shears":3,"minecraft:smoker":1,"waystones:waystone":1,"minecraft:apple":5,"minecraft:string":17,"minecraft:iron_pickaxe":118,"minecraft:bread":54,"medieval_craft_weapons:greatsword":177,"minecraft:stone_axe":136,"medieval_craft_weapons:pole_axe":83,"minecraft:cobblestone":51,"iceandfire:dragon_skull_fire":1,"minecraft:cooked_porkchop":3,"minecraft:bucket":30},"minecraft:custom":{"minecraft:interact_with_anvil":9,"minecraft:mob_kills":138,"minecraft:interact_with_crafting_table":52,"minecraft:eat_cake_slice":9,"minecraft:leave_game":5,"minecraft:time_since_death":18792,"minecraft:climb_one_cm":764,"minecraft:sprint_one_cm":527233,"minecraft:walk_one_cm":282103,"minecraft:damage_blocked_by_shield":1581,"minecraft:drop":65,"minecraft:damage_dealt_absorbed":120,"minecraft:play_time":228693,"minecraft:sneak_time":19963,"minecraft:deaths":13,"minecraft:walk_under_water_one_cm":33003,"minecraft:jump":5054,"minecraft:walk_on_water_one_cm":54331,"minecraft:total_world_time":228693,"minecraft:interact_with_furnace":27,"tombstone:raider_killed":2,"minecraft:sleep_in_bed":4,"minecraft:time_since_rest":16556,"minecraft:waystone_activated":3,"minecraft:damage_taken":6702,"minecraft:trigger_trapped_chest":7,"minecraft:damage_dealt":24489,"minecraft:swim_one_cm":76733,"minecraft:fly_one_cm":1081155,"minecraft:open_chest":104,"minecraft:crouch_one_cm":54421,"tombstone:undead_killed":29,"minecraft:interact_with_smoker":7,"minecraft:fall_one_cm":104510},"minecraft:killed_by":{"alexsmobs:bison":1,"medieval_craft_weapons:archer":2,"iceandfire:ghost":1,"medieval_craft_weapons:knight":1,"medieval_craft_weapons:soldier":1,"iceandfire:fire_dragon":3},"minecraft:picked_up":{"minecraft:charcoal":12,"minecraft:crafting_table":6,"minecraft:allium":1,"aquaculture:synodontis":1,"minecraft:splash_potion":1,"minecraft:chicken":1,"minecraft:wooden_pickaxe":1,"minecraft:potion":1,"minecraft:wither_rose":2,"medieval_craft_weapons:plate_boots":1,"minecraft:nether_brick":11,"minecraft:string":33,"medieval_craft_weapons:pole_axe":2,"minecraft:oak_trapdoor":2,"minecraft:armor_stand":4,"minecraft:blackstone":50,"biomesoplenty:brimstone":1,"minecraft:cracked_stone_bricks":1,"iceandfire:graveyard_soil":4,"iceandfire:bestiary":1,"minecraft:diamond_leggings":1,"minecraft:gold_nugget":1255,"comforts:sleeping_bag_white":5,"minecraft:beef":21,"minecraft:spruce_slab":1,"minecraft:birch_sapling":7,"minecraft:furnace":1,"minecraft:egg":2,"unusualprehistory:tar_fossil_item":8,"minecraft:stick":39,"minecraft:raw_iron":8,"iceandfire:dragonbone":11,"iceandfire:ghost_chest":3,"minecraft:torch":11,"medieval_craft_weapons:titanite_nugget_1":6,"alexsmobs:straddlite":1,"minecraft:fire_charge":2,"minecraft:porkchop":4,"tombstone:grave_dust":5,"minecraft:stone_sword":1,"minecraft:arrow":2,"minecraft:rotten_flesh":36,"minecraft:shears":1,"minecraft:diamond_boots":1,"iceandfire:fire_dragon_heart":2,"tombstone:essence_of_undeath":1,"minecraft:gold_ingot":81,"minecraft:brick_stairs":1,"minecraft:obsidian":1,"minecraft:mutton":12,"minecraft:iron_bars":2,"minecraft:white_wool":7,"minecraft:cobblestone":74,"medieval_craft_weapons:greatsword":5,"minecraft:stripped_oak_log":2,"minecraft:birch_log":27,"minecraft:cooked_beef":6,"minecraft:feather":2,"minecraft:lilac":5,"minecraft:tripwire_hook":3,"minecraft:leather":29,"minecraft:smoker":1,"minecraft:filled_map":1,"alexsmobs:bison_fur":2,"minecraft:flint":1,"minecraft:oak_log":111,"medieval_craft_weapons:long_sword":4,"minecraft:dirt":66,"iceandfire:dragonscales_bronze":42,"minecraft:white_banner":1,"minecraft:leather_boots":2,"minecraft:cooked_mutton":1,"minecraft:bone":7,"minecraft:apple":8,"minecraft:stone_bricks":19,"medieval_craft_weapons:greathelmet_helmet":1,"minecraft:wheat_seeds":5,"minecraft:iron_ingot":6,"minecraft:mossy_stone_bricks":1,"minecraft:glowstone_dust":2,"minecraft:soul_sand":21,"iceandfire:fire_dragon_flesh":10,"minecraft:oak_planks":56,"minecraft:book":48,"medieval_craft_weapons:sword_1":3,"aquaculture:smallmouth_bass":1,"aquaculture:gar":1,"medieval_craft_weapons:plate_leggings":2,"minecraft:quartz":9,"minecraft:gravel":69,"iceandfire:dragon_skull_fire":1,"minecraft:spectral_arrow":28,"minecraft:crying_obsidian":9,"minecraft:spider_eye":1,"alexsmobs:animal_dictionary":2,"minecraft:brick_slab":2,"waystones:waystone":1,"minecraft:crossbow":1,"minecraft:gray_wool":1,"minecraft:chainmail_helmet":1,"minecraft:bread":28,"minecraft:oak_sapling":37,"minecraft:netherrack":4}},"DataVersion":3465}