{"stats":{"minecraft:broken":{"apocalypsenow:baseball_bat":1},"minecraft:custom":{"lootr:looted_stat":9,"minecraft:mob_kills":83,"minecraft:interact_with_crafting_table":35,"minecraft:leave_game":6,"minecraft:time_since_death":14969,"minecraft:climb_one_cm":6927,"minecraft:sprint_one_cm":379982,"minecraft:walk_one_cm":388150,"minecraft:fridge_opened":1,"minecraft:drop":51,"minecraft:talked_to_villager":1,"minecraft:play_time":177894,"minecraft:deaths":11,"minecraft:sneak_time":13378,"minecraft:walk_under_water_one_cm":321,"minecraft:jump":1964,"minecraft:interact_with_blast_furnace":1,"minecraft:walk_on_water_one_cm":2957,"minecraft:total_world_time":177894,"minecraft:interact_with_furnace":23,"minecraft:stove_opened":2,"minecraft:interact_with_stonecutter":1,"minecraft:sleep_in_bed":4,"minecraft:time_since_rest":12183,"minecraft:damage_taken":4271,"minecraft:damage_dealt":8759,"minecraft:swim_one_cm":1766,"minecraft:freezer_opened":5,"minecraft:fly_one_cm":311321,"minecraft:open_chest":48,"minecraft:crouch_one_cm":39715,"minecraft:interact_with_smoker":9,"minecraft:fall_one_cm":55854},"minecraft:picked_up":{"minecraft:wooden_axe":1,"immersiveengineering:wirecutter":1,"minecraft:crafting_table":2,"farmersdelight:birch_cabinet":5,"create:mechanical_crafter":2,"minecraft:wooden_pickaxe":4,"farmersdelight:tomato_sauce":2,"minecraft:potion":5,"farmersdelight:cutting_board":1,"minecraft:string":107,"minecraft:smooth_stone_slab":2,"pfm:oak_gray_simple_bed":4,"createaddition:iron_wire":1,"farmersdelight:cabbage":5,"quark:stripped_birch_post":1,"minecraft:iron_pickaxe":1,"minecraft:melon_slice":160,"minecraft:chest":7,"minecraft:egg":5,"minecraft:stick":22,"minecraft:raw_iron":12,"pfm:white_stove":1,"minecraft:torch":23,"minecraft:bowl":2,"minecraft:acacia_log":1,"minecraft:dried_kelp":2,"chalk:blue_chalk":2,"apocalypsenow:iron_baseball_bat":2,"minecraft:rotten_flesh":79,"biomesoplenty:mahogany_sapling":15,"create:depot":1,"quark:bamboo_mat":2,"minecraft:cobblestone":97,"biomesoplenty:mahogany_trapdoor":1,"tac:round45":5,"minecraft:leather_chestplate":1,"farmersdelight:rice":9,"minecraft:salmon":10,"create:framed_glass_trapdoor":1,"minecraft:oak_log":10,"minecraft:chainmail_chestplate":1,"minecraft:gunpowder":2,"apocalypsenow:construction_chestplate":1,"farmersdelight:skillet":2,"minecraft:stripped_birch_log":1,"minecraft:dirt":52,"minecraft:bone":100,"farmersdelight:honey_glazed_ham_block":2,"minecraft:leather_boots":2,"apocalypsenow:u_sarmy_leggings":1,"apocalypsenow:cooked_human_flesh":5,"minecraft:apple":1,"farmersdelight:cooking_pot":1,"minecraft:stonecutter":2,"apocalypsenow:human_flesh":9,"farmersdelight:vegetable_soup":3,"apocalypsenow:money":1,"minecraft:stone_pickaxe":2,"tac:9mm_round":21,"minecraft:glass_bottle":15,"simplylight:lamp_post":7,"biomesoplenty:mahogany_planks":60,"minecraft:book":18,"apocalypsenow:grape_juice":6,"quark:light_gray_shard":9,"minecraft:sweet_berries":12,"patchouli:guide_book":5,"another_furniture:birch_shelf":13,"chalk:red_chalk":2,"quark:dark_oak_hedge":1,"another_furniture:dark_oak_planter_box":1,"minecraft:spruce_sapling":3,"minecraft:lily_of_the_valley":1,"minecraft:leather_helmet":2,"alexsmobs:animal_dictionary":2,"biomesoplenty:mahogany_log":93,"quark:oak_hedge":1,"farmersdelight:rice_bag":3,"minecraft:bread":16,"create:framed_glass_door":1,"alexsmobs:maggot":4,"quark:gray_shard":30,"minecraft:oak_sapling":8,"rocks:cobblestone_splitter":3,"immersiveengineering:hammer":1,"minecraft:bricks":2,"create:stressometer":1,"minecraft:coal":26,"create:cut_calcite":3},"minecraft:used":{"biomesoplenty:mahogany_planks":57,"minecraft:acacia_log":1,"apocalypsenow:ballpeen_hammer":7,"minecraft:chest":6,"farmersdelight:birch_cabinet":5,"minecraft:torch":24,"minecraft:dirt":29,"minecraft:lily_of_the_valley":1,"another_furniture:birch_shelf":5,"minecraft:wooden_axe":35,"apocalypsenow:baseball_bat":33,"simplylight:lamp_post":5,"apocalypsenow:heavy_machete":20,"carryon:tile_item":2,"minecraft:furnace":2,"apocalypsenow:cooked_human_flesh":1,"minecraft:stone_pickaxe":69,"biomesoplenty:mahogany_trapdoor":3,"minecraft:wooden_pickaxe":17,"minecraft:stonecutter":1,"minecraft:crafting_table":3,"minecraft:smoker":1,"minecraft:apple":3,"apocalypsenow:iron_baseball_bat":174,"minecraft:iron_pickaxe":56,"minecraft:melon_slice":50,"minecraft:stone_axe":59,"minecraft:cobblestone":29,"minecraft:potion":9,"chalk:blue_chalk":2,"pfm:oak_gray_simple_bed":2},"minecraft:killed_by":{"minecraft:husk":2,"minecraft:player":1,"hordes:zombie_player":2,"minecraft:zombie":2,"undead_revamp2:thesmoker":2},"minecraft:dropped":{"quark:oak_hedge":1,"farmersdelight:honey_cookie":1,"another_furniture:dark_oak_planter_box":1,"farmersdelight:skillet":5,"tac:round45":2,"minecraft:crafting_table":1,"minecraft:dirt":5,"minecraft:torch":1,"quark:bamboo_mat":2,"solcarrot:food_book":1,"minecraft:stripped_birch_log":1,"minecraft:dried_kelp":2,"ftbquests:book":1,"minecraft:spruce_sapling":3,"minecraft:bone":6,"minecraft:bricks":2,"quark:dark_oak_hedge":1,"minecraft:sweet_berries":3,"alexsmobs:animal_dictionary":1,"minecraft:smooth_stone_slab":2,"minecraft:chicken":1,"minecraft:rotten_flesh":8,"farmersdelight:tomato_sauce":1,"patchouli:guide_book":1,"apocalypsenow:iron_baseball_bat":1,"apocalypsenow:construction_chestplate":1,"create:framed_glass_trapdoor":1,"farmersdelight:honey_glazed_ham_block":1,"apocalypsenow:rolling_pin":2,"immersiveengineering:manual":1,"minecraft:chest":1,"pfm:furniture_book":1,"minecraft:wooden_pickaxe":1,"tac:9mm_round":5,"apocalypsenow:human_flesh":2},"minecraft:mined":{"minecraft:dark_oak_planks":2,"farmersdelight:honey_glazed_ham_block":2,"farmersdelight:rice_bag":3,"minecraft:oak_sapling":2,"quark:stripped_birch_post":1,"minecraft:stripped_birch_log":1,"minecraft:acacia_log":1,"minecraft:grass_block":12,"create:depot":1,"rocks:jungle_stick":2,"minecraft:spruce_leaves":11,"quark:bamboo_mat":2,"pfm:white_stove":1,"rocks:rock":1,"minecraft:spawner":3,"create:cut_calcite":3,"another_furniture:birch_shelf":13,"create:framed_glass_pane":2,"minecraft:iron_ore":12,"immersiveengineering:capacitor_mv":1,"rocks:oak_stick":2,"minecraft:bookshelf":6,"rocks:birch_stick":1,"immersiveengineering:light_engineering":1,"minecraft:stone":59,"simplylight:lamp_post":5,"create:dark_oak_window_pane":2,"farmersdelight:birch_cabinet":5,"farmersdelight:cooking_pot":1,"minecraft:quartz_block":1,"lootr:lootr_chest":3,"minecraft:lily_of_the_valley":1,"another_furniture:dark_oak_planter_box":1,"minecraft:crafting_table":2,"minecraft:torch":3,"minecraft:gray_stained_glass":3,"create:framed_glass_door":1,"minecraft:melon":17,"biomesoplenty:mahogany_planks":7,"minecraft:chest":4,"minecraft:cobblestone":1,"create:birch_window_pane":1,"minecraft:bricks":2,"minecraft:wall_torch":4,"biomesoplenty:mahogany_trapdoor":1,"minecraft:light_gray_stained_glass":1,"biomesoplenty:mahogany_log":9,"farmersdelight:cutting_board":1,"minecraft:sweet_berry_bush":2,"cfm:stripped_spruce_table":1,"minecraft:smooth_stone_slab":2,"minecraft:grass":3,"minecraft:oak_log":2,"minecraft:coal_ore":11,"quark:oak_hedge":1,"create:framed_glass_trapdoor":1,"create:mechanical_crafter":2,"create:stressometer":1,"minecraft:dirt":24,"quark:dark_oak_hedge":1,"pfm:oak_gray_simple_bed":3,"minecraft:stonecutter":2,"minecraft:oak_leaves":4,"minecraft:fern":8},"minecraft:crafted":{"immersiveengineering:hammer":1,"biomesoplenty:mahogany_planks":40,"minecraft:furnace":2,"create:iron_sheet":1,"minecraft:cooked_mutton":10,"minecraft:leather":13,"immersiveengineering:wirecutter":1,"sophisticatedbackpacks:backpack":1,"minecraft:crafting_table":1,"minecraft:chainmail_chestplate":1,"minecraft:stone_axe":1,"minecraft:air":106,"minecraft:stick":4,"apocalypsenow:cooked_human_flesh":7,"minecraft:iron_ingot":12,"minecraft:wooden_axe":1},"minecraft:killed":{"hordes:zombie_player":2,"undead_revamp2:thesmoker":8,"undead_revamp2:bomber":1,"zombie_extreme:runner":2,"undead_revamp2:crackleball":7,"zombiemobs:zombie_pig":1,"zombie_extreme:crawler":2,"minecraft:husk":12,"undead_revamp2:the_moonflower":2,"minecraft:zombie":36,"zombie_extreme:infected_police":1,"alexsmobs:fly":2}},"DataVersion":2975}