{"stats":{"minecraft:killed":{"minecraft:spider":4,"medieval_craft_weapons:archer":9,"medieval_craft_weapons:knight":27,"minecraft:skeleton":4,"medieval_craft_weapons:soldier":33,"alexsmobs:bison":1,"minecraft:pig":2,"minecraft:sheep":3,"minecraft:zombie":16,"unusualprehistory:sludge":2,"alexsmobs:crow":1,"medieval_craft_weapons:heavyknight":4,"minecraft:cow":5},"minecraft:broken":{"minecraft:stone_axe":1},"minecraft:mined":{"minecraft:grass_block":37,"comforts:sleeping_bag_white":1,"minecraft:oak_trapdoor":2,"minecraft:glowstone":1,"minecraft:furnace":1,"minecraft:iron_ore":8,"minecraft:iron_bars":2,"minecraft:stripped_oak_log":1,"minecraft:stone":71,"minecraft:spruce_slab":1,"minecraft:tripwire":9,"minecraft:smoker":1,"minecraft:crafting_table":5,"minecraft:torch":5,"minecraft:cobblestone":5,"minecraft:oak_planks":22,"minecraft:wall_torch":4,"minecraft:birch_log":6,"unusualprehistory:tar":36,"minecraft:grass":34,"minecraft:oak_log":90,"minecraft:gravel":1,"minecraft:dirt":7,"minecraft:tripwire_hook":1,"minecraft:stone_bricks":4,"unusualprehistory:splattered_tar":1,"minecraft:oak_leaves":2},"minecraft:dropped":{"minecraft:iron_ingot":10,"minecraft:bread":30,"minecraft:wheat_seeds":3,"minecraft:cobblestone":2,"minecraft:dirt":12,"minecraft:string":5,"minecraft:birch_log":6,"minecraft:tripwire_hook":4,"minecraft:lever":1,"medieval_craft_weapons:plate_boots":1,"minecraft:stone_sword":2,"alexsmobs:animal_dictionary":2,"medieval_craft_weapons:long_sword":2,"minecraft:birch_sapling":1,"minecraft:rotten_flesh":20,"minecraft:oak_planks":10,"minecraft:stripped_oak_log":2,"minecraft:shears":1,"minecraft:leather_boots":1,"minecraft:oak_sapling":16,"iceandfire:bestiary":1,"minecraft:spruce_slab":1,"minecraft:wooden_pickaxe":2},"minecraft:crafted":{"minecraft:oak_planks":88,"minecraft:tripwire_hook":2,"medieval_craft_weapons:pole_axe":1,"comforts:sleeping_bag_white":1,"minecraft:furnace":2,"minecraft:lever":1,"minecraft:cooked_mutton":5,"minecraft:oak_trapdoor":2,"minecraft:stone_pickaxe":1,"minecraft:chest":1,"minecraft:smoker":1,"minecraft:cooked_beef":7,"medieval_craft_weapons:long_sword":1,"sophisticatedbackpacks:backpack":1,"minecraft:cooked_porkchop":4,"minecraft:crafting_table":3,"minecraft:wooden_pickaxe":2,"minecraft:bucket":1,"minecraft:stone_axe":1,"minecraft:air":0,"medieval_craft_weapons:sword_1":2,"minecraft:charcoal":17,"minecraft:shield":1,"minecraft:iron_pickaxe":1,"minecraft:stick":16,"minecraft:iron_ingot":8,"minecraft:stone_sword":1,"minecraft:iron_block":3,"minecraft:anvil":1,"minecraft:torch":4,"minecraft:shears":1,"minecraft:diamond_chestplate":1},"minecraft:used":{"minecraft:oak_trapdoor":4,"minecraft:stone_sword":94,"minecraft:shield":36,"minecraft:iron_sword":55,"medieval_craft_weapons:sword_1":69,"minecraft:iron_chestplate":1,"minecraft:torch":2,"minecraft:dirt":35,"minecraft:anvil":1,"minecraft:stone_bricks":2,"minecraft:tripwire_hook":1,"minecraft:oak_sapling":4,"minecraft:furnace":1,"tombstone:gift":2,"medieval_craft_weapons:long_sword":245,"minecraft:egg":1,"comforts:sleeping_bag_white":2,"minecraft:cooked_beef":7,"unusualprehistory:tar_bucket":5,"minecraft:cooked_mutton":1,"minecraft:water_bucket":12,"minecraft:oak_planks":48,"minecraft:stone_pickaxe":91,"minecraft:wooden_pickaxe":46,"minecraft:crafting_table":7,"minecraft:shears":3,"minecraft:smoker":1,"minecraft:apple":4,"minecraft:bread":32,"minecraft:string":17,"minecraft:iron_pickaxe":1,"medieval_craft_weapons:greatsword":50,"minecraft:stone_axe":136,"medieval_craft_weapons:pole_axe":43,"minecraft:cobblestone":51,"minecraft:bucket":18},"minecraft:custom":{"minecraft:mob_kills":118,"minecraft:interact_with_anvil":9,"minecraft:interact_with_crafting_table":41,"minecraft:eat_cake_slice":9,"minecraft:leave_game":2,"minecraft:time_since_death":67516,"minecraft:climb_one_cm":69,"minecraft:sprint_one_cm":342829,"minecraft:walk_one_cm":183977,"minecraft:damage_blocked_by_shield":1001,"minecraft:drop":43,"minecraft:damage_dealt_absorbed":120,"minecraft:play_time":148135,"minecraft:deaths":6,"minecraft:sneak_time":11612,"minecraft:walk_under_water_one_cm":8325,"minecraft:jump":3048,"minecraft:walk_on_water_one_cm":25087,"minecraft:total_world_time":148135,"minecraft:interact_with_furnace":27,"minecraft:sleep_in_bed":2,"minecraft:time_since_rest":6323,"minecraft:waystone_activated":2,"minecraft:damage_taken":3615,"minecraft:damage_dealt":16782,"minecraft:swim_one_cm":21218,"minecraft:fly_one_cm":546908,"minecraft:open_chest":61,"minecraft:crouch_one_cm":36931,"tombstone:undead_killed":20,"minecraft:interact_with_smoker":7,"minecraft:fall_one_cm":52852},"minecraft:killed_by":{"alexsmobs:bison":1,"medieval_craft_weapons:archer":2,"medieval_craft_weapons:knight":1,"medieval_craft_weapons:soldier":1},"minecraft:picked_up":{"minecraft:charcoal":12,"minecraft:crafting_table":5,"minecraft:wooden_pickaxe":1,"medieval_craft_weapons:plate_boots":1,"minecraft:string":24,"medieval_craft_weapons:pole_axe":2,"minecraft:oak_trapdoor":2,"minecraft:armor_stand":4,"iceandfire:bestiary":1,"minecraft:diamond_leggings":1,"comforts:sleeping_bag_white":2,"minecraft:beef":14,"minecraft:spruce_slab":1,"minecraft:birch_sapling":1,"minecraft:furnace":1,"minecraft:egg":1,"unusualprehistory:tar_fossil_item":8,"minecraft:stick":19,"minecraft:raw_iron":8,"medieval_craft_weapons:titanite_nugget_1":5,"minecraft:torch":7,"minecraft:porkchop":4,"tombstone:grave_dust":5,"minecraft:stone_sword":1,"minecraft:arrow":2,"minecraft:rotten_flesh":28,"minecraft:shears":1,"minecraft:diamond_boots":1,"tombstone:essence_of_undeath":1,"minecraft:mutton":5,"minecraft:iron_bars":2,"minecraft:cobblestone":74,"minecraft:white_wool":4,"medieval_craft_weapons:greatsword":1,"minecraft:birch_log":6,"minecraft:stripped_oak_log":2,"minecraft:feather":1,"minecraft:tripwire_hook":3,"minecraft:leather":6,"minecraft:smoker":1,"alexsmobs:bison_fur":2,"minecraft:oak_log":86,"medieval_craft_weapons:long_sword":4,"minecraft:dirt":64,"minecraft:leather_boots":2,"minecraft:bone":5,"minecraft:apple":4,"minecraft:stone_bricks":3,"medieval_craft_weapons:greathelmet_helmet":1,"minecraft:wheat_seeds":5,"minecraft:iron_ingot":6,"minecraft:glowstone_dust":2,"minecraft:oak_planks":30,"medieval_craft_weapons:sword_1":3,"medieval_craft_weapons:plate_leggings":2,"minecraft:gravel":1,"alexsmobs:animal_dictionary":2,"minecraft:spider_eye":1,"waystones:waystone":1,"minecraft:crossbow":1,"minecraft:bread":28,"minecraft:chainmail_helmet":1,"minecraft:oak_sapling":20}},"DataVersion":3465}