{"stats":{"minecraft:used":{"minecraft:cooked_mutton":10,"minecraft:stone_pickaxe":62,"minecraft:oak_planks":1,"minecraft:wooden_pickaxe":15,"medieval_craft_weapons:sword_1":19,"medieval_craft_weapons:mighty_stick":169,"minecraft:rotten_flesh":6,"aquaculture:bluegill":1,"minecraft:iron_chestplate":2,"minecraft:dirt":20,"minecraft:mutton":1,"minecraft:crafting_table":4,"minecraft:white_bed":2,"medieval_craft_weapons:lance":79,"minecraft:wooden_axe":15,"minecraft:iron_helmet":1,"minecraft:iron_boots":1,"minecraft:stone_bricks":2,"minecraft:stone_axe":4,"minecraft:cobblestone":36,"tombstone:gift":2,"alexsmobs:animal_dictionary":1,"minecraft:potato":1,"minecraft:cooked_beef":1,"minecraft:acacia_planks":19},"minecraft:crafted":{"minecraft:cooked_beef":1,"ageofweapons:medium_stone_blank":1,"minecraft:crafting_table":2,"minecraft:wooden_pickaxe":2,"medieval_craft_weapons:lance":2,"minecraft:stone_axe":1,"minecraft:air":0,"ageofweapons:longstick_wood":1,"ageofweapons:hammer":1,"minecraft:stick":12,"minecraft:stone_pickaxe":1,"minecraft:wooden_axe":1,"medieval_craft_weapons:mighty_stick":2,"minecraft:acacia_planks":56},"minecraft:broken":{"medieval_craft_weapons:lance":1,"medieval_craft_weapons:mighty_stick":1},"minecraft:killed_by":{"minecraft:spider":1,"minecraft:zombie":1,"alexsmobs:emu":1,"medieval_craft_weapons:heavyknight":1,"medieval_craft_weapons:knight":2,"medieval_craft_weapons:soldier":5,"medieval_craft_weapons:archer":2},"minecraft:killed":{"aquaculture:bluegill":1,"medieval_craft_weapons:archer":1,"alexsmobs:rhinoceros":1,"minecraft:creeper":1,"alexsmobs:emu":1,"aquaculture:minnow":1,"medieval_craft_weapons:soldier":3,"minecraft:zombie":6,"alexsmobs:gazelle":1,"minecraft:drowned":1,"alexsmobs:fly":1,"minecraft:cow":1},"minecraft:picked_up":{"iceandfire:dragon_skull_lightning":1,"minecraft:iron_chestplate":1,"minecraft:crafting_table":3,"minecraft:feather":1,"minecraft:leather":1,"alexsmobs:acacia_blossom":1,"minecraft:potato":1,"tombstone:grave_key":1,"minecraft:gunpowder":2,"medieval_craft_weapons:plate_chestplate":3,"minecraft:string":2,"minecraft:dirt":23,"minecraft:iron_leggings":1,"minecraft:cooked_mutton":10,"minecraft:armor_stand":2,"minecraft:stone_bricks":3,"alexsmobs:emu_feather":5,"minecraft:wheat_seeds":9,"aquaculture:bluegill":1,"minecraft:beef":3,"aquaculture:minnow":1,"minecraft:acacia_sapling":1,"minecraft:oak_planks":28,"minecraft:iron_boots":1,"medieval_craft_weapons:sword_1":1,"minecraft:stick":8,"medieval_craft_weapons:soldiera_chestplate":1,"minecraft:acacia_log":14,"minecraft:torch":1,"medieval_craft_weapons:titanite_nugget_1":2,"mobdropsrecipes_overworld:overworld_essence_common":5,"medieval_craft_weapons:spear_1":1,"minecraft:white_bed":2,"medieval_craft_weapons:soldiera_boots":1,"iceandfire:lightning_lily":1,"minecraft:rotten_flesh":7,"minecraft:iron_helmet":1,"alexsmobs:maggot":2,"minecraft:mutton":1,"minecraft:coal":8,"minecraft:cobblestone":54},"minecraft:custom":{"minecraft:interact_with_furnace":3,"minecraft:mob_kills":22,"minecraft:interact_with_crafting_table":36,"minecraft:time_since_death":3291,"minecraft:sleep_in_bed":4,"minecraft:time_since_rest":1085,"minecraft:sprint_one_cm":218475,"minecraft:damage_taken":4580,"minecraft:walk_one_cm":134428,"minecraft:drop":28,"minecraft:damage_dealt":4236,"minecraft:swim_one_cm":75989,"minecraft:fly_one_cm":460078,"minecraft:player_kills":1,"minecraft:open_chest":4,"minecraft:crouch_one_cm":21229,"minecraft:play_time":102787,"tombstone:undead_killed":7,"minecraft:deaths":14,"minecraft:sneak_time":8002,"minecraft:walk_under_water_one_cm":14368,"minecraft:jump":1960,"minecraft:walk_on_water_one_cm":34021,"minecraft:total_world_time":102787,"minecraft:fall_one_cm":38688},"minecraft:mined":{"iceandfire:lightning_lily":1,"minecraft:acacia_leaves":1,"minecraft:crafting_table":3,"minecraft:acacia_log":17,"minecraft:grass_block":4,"minecraft:tall_grass":17,"minecraft:cobblestone":18,"minecraft:oak_planks":2,"minecraft:wall_torch":2,"minecraft:seagrass":5,"minecraft:tall_seagrass":12,"minecraft:grass":101,"minecraft:coal_ore":8,"minecraft:dirt":11,"minecraft:acacia_planks":1,"minecraft:stone_bricks":3,"minecraft:stone":23,"minecraft:oak_leaves":4},"minecraft:dropped":{"medieval_craft_weapons:soldiera_boots":2,"alexsmobs:maggot":2,"minecraft:wheat_seeds":8,"alexsmobs:acacia_blossom":1,"alexsmobs:animal_dictionary":1,"minecraft:feather":1,"minecraft:iron_helmet":2,"minecraft:iron_boots":3,"medieval_craft_weapons:soldiera_leggings":1,"medieval_craft_weapons:lance":1,"minecraft:stick":1,"medieval_craft_weapons:mighty_stick":1,"tombstone:grave_key":1,"iceandfire:lightning_lily":1,"minecraft:iron_chestplate":2,"medieval_craft_weapons:plate_chestplate":2,"medieval_craft_weapons:soldiera_chestplate":2,"minecraft:iron_leggings":1,"minecraft:stone_bricks":1,"alexsmobs:emu_feather":1}},"DataVersion":3465}