{"stats":{"minecraft:mined":{"minecraft:birch_log":6,"minecraft:crafting_table":2,"minecraft:grass":3,"minecraft:oak_log":75,"minecraft:stone":30,"minecraft:oak_leaves":1},"minecraft:killed":{"minecraft:sheep":3,"minecraft:zombie":6,"minecraft:pig":2,"medieval_craft_weapons:archer":1,"minecraft:spider":2,"minecraft:cow":5},"minecraft:custom":{"minecraft:time_since_rest":7791,"minecraft:interact_with_furnace":5,"minecraft:sprint_one_cm":63075,"minecraft:damage_taken":475,"minecraft:walk_one_cm":30224,"minecraft:mob_kills":19,"minecraft:drop":5,"minecraft:damage_dealt":2360,"minecraft:swim_one_cm":2831,"minecraft:interact_with_crafting_table":11,"minecraft:fly_one_cm":56661,"minecraft:crouch_one_cm":6590,"minecraft:play_time":23988,"tombstone:undead_killed":6,"minecraft:deaths":1,"minecraft:sneak_time":1770,"minecraft:walk_under_water_one_cm":2707,"minecraft:jump":331,"minecraft:time_since_death":11605,"minecraft:walk_on_water_one_cm":4060,"minecraft:sleep_in_bed":1,"minecraft:total_world_time":23988,"minecraft:fall_one_cm":2150},"minecraft:dropped":{"alexsmobs:animal_dictionary":1,"minecraft:birch_sapling":1,"minecraft:oak_sapling":12,"minecraft:oak_planks":1},"minecraft:picked_up":{"minecraft:birch_log":6,"minecraft:stick":19,"minecraft:crafting_table":2,"minecraft:leather":6,"minecraft:porkchop":4,"minecraft:oak_log":70,"tombstone:grave_dust":2,"minecraft:string":1,"alexsmobs:animal_dictionary":1,"minecraft:rotten_flesh":9,"minecraft:apple":4,"comforts:sleeping_bag_white":1,"minecraft:beef":7,"minecraft:oak_sapling":16,"minecraft:oak_planks":1,"minecraft:mutton":5,"minecraft:birch_sapling":1,"minecraft:white_wool":3,"minecraft:cobblestone":30},"minecraft:used":{"minecraft:apple":4,"minecraft:stone_sword":60,"minecraft:wooden_pickaxe":30,"minecraft:stone_axe":90,"minecraft:cobblestone":7,"minecraft:crafting_table":3,"minecraft:furnace":1,"minecraft:oak_sapling":4,"comforts:sleeping_bag_white":1},"minecraft:crafted":{"minecraft:cooked_beef":7,"minecraft:oak_planks":12,"minecraft:crafting_table":1,"minecraft:stick":8,"comforts:sleeping_bag_white":1,"minecraft:wooden_pickaxe":1,"minecraft:stone_pickaxe":1,"minecraft:stone_sword":1,"minecraft:furnace":1,"minecraft:stone_axe":1,"minecraft:air":0},"minecraft:killed_by":{"medieval_craft_weapons:archer":1}},"DataVersion":3465}