{"stats":{"minecraft:crafted":{"minecraft:cooked_beef":1,"minecraft:crafting_table":1,"minecraft:stick":8,"minecraft:wooden_pickaxe":1,"minecraft:stone_pickaxe":1,"medieval_craft_weapons:mighty_stick":1,"minecraft:air":0},"minecraft:picked_up":{"minecraft:stick":2,"minecraft:crafting_table":1,"minecraft:leather":1,"minecraft:white_bed":1,"minecraft:gunpowder":2,"minecraft:dirt":1,"minecraft:cooked_mutton":10,"minecraft:rotten_flesh":1,"minecraft:beef":3,"minecraft:oak_planks":23,"minecraft:cobblestone":10},"minecraft:mined":{"minecraft:crafting_table":1,"minecraft:grass":6,"minecraft:grass_block":3,"minecraft:dirt":4,"minecraft:stone":10},"minecraft:killed":{"minecraft:zombie":2,"minecraft:creeper":1,"minecraft:cow":1},"minecraft:used":{"minecraft:wooden_pickaxe":15,"medieval_craft_weapons:mighty_stick":13,"minecraft:crafting_table":1,"minecraft:white_bed":1,"alexsmobs:animal_dictionary":1,"minecraft:cooked_beef":1},"minecraft:custom":{"minecraft:time_since_rest":3006,"minecraft:interact_with_furnace":3,"minecraft:sprint_one_cm":37000,"minecraft:damage_taken":115,"minecraft:walk_one_cm":51137,"minecraft:mob_kills":5,"minecraft:damage_dealt":387,"minecraft:interact_with_crafting_table":16,"minecraft:swim_one_cm":287,"minecraft:fly_one_cm":61658,"minecraft:crouch_one_cm":5087,"minecraft:play_time":38483,"tombstone:undead_killed":2,"minecraft:sneak_time":1365,"minecraft:walk_under_water_one_cm":60,"minecraft:jump":408,"minecraft:time_since_death":38483,"minecraft:walk_on_water_one_cm":161,"minecraft:sleep_in_bed":3,"minecraft:total_world_time":38483,"minecraft:fall_one_cm":9426}},"DataVersion":3465}