{"stats":{"minecraft:broken":{"medieval_craft_weapons:mighty_stick":1,"medieval_craft_weapons:spear_1":1,"medieval_craft_weapons:lance":1},"minecraft:dropped":{"medieval_craft_weapons:soldiera_boots":2,"minecraft:wheat_seeds":10,"unusualprehistory:mezo_fossil":11,"minecraft:feather":1,"minecraft:iron_helmet":2,"aquaculture:minnow":1,"medieval_craft_weapons:soldiera_leggings":1,"minecraft:granite":1,"medieval_craft_weapons:lance":1,"minecraft:acacia_log":1,"minecraft:stick":12,"minecraft:diorite":2,"tombstone:grave_key":1,"iceandfire:lightning_lily":1,"medieval_craft_weapons:plate_chestplate":2,"medieval_craft_weapons:soldiera_chestplate":2,"minecraft:iron_leggings":1,"alexsmobs:emu_feather":1,"minecraft:string":1,"ageofweapons:longstick_wood":1,"minecraft:acacia_planks":1,"minecraft:gravel":1,"alexsmobs:maggot":2,"alexsmobs:acacia_blossom":1,"alexsmobs:animal_dictionary":1,"minecraft:iron_boots":3,"medieval_craft_weapons:mighty_stick":1,"minecraft:iron_chestplate":2,"minecraft:andesite":17,"minecraft:acacia_sapling":2,"minecraft:spider_eye":1,"minecraft:stone_bricks":1,"minecraft:wooden_pickaxe":2},"minecraft:killed_by":{"minecraft:spider":1,"alexsmobs:emu":1,"medieval_craft_weapons:heavyknight":1,"medieval_craft_weapons:archer":2,"minecraft:zombie":1,"medieval_craft_weapons:knight":3,"medieval_craft_weapons:soldier":5},"minecraft:crafted":{"minecraft:oak_planks":52,"iceandfire:dragon_stick":1,"medieval_craft_weapons:lance":2,"minecraft:diamond_shovel":1,"minecraft:stone_pickaxe":1,"medieval_craft_weapons:mighty_stick":2,"minecraft:cooked_beef":1,"ageofweapons:medium_stone_blank":1,"minecraft:crafting_table":3,"minecraft:wooden_pickaxe":2,"minecraft:smithing_table":1,"minecraft:stone_axe":1,"minecraft:air":0,"ageofweapons:longstick_wood":1,"minecraft:diamond_pickaxe":1,"minecraft:shield":1,"ageofweapons:hammer":1,"minecraft:stick":20,"minecraft:wooden_axe":1,"minecraft:acacia_planks":56},"minecraft:mined":{"iceandfire:lightning_lily":1,"iceandfire:silver_ore":5,"unusualprehistory:stone_amber_ore":7,"minecraft:granite":2,"minecraft:acacia_log":17,"minecraft:grass_block":7,"unusualprehistory:plant_fossil":12,"minecraft:tall_seagrass":12,"minecraft:redstone_ore":4,"minecraft:iron_ore":10,"minecraft:andesite":17,"biomesoplenty:high_grass":2,"minecraft:stone":148,"minecraft:white_wool":2,"minecraft:spruce_slab":8,"minecraft:acacia_leaves":1,"unusualprehistory:stone_opal_ore":1,"minecraft:oak_fence":3,"minecraft:crafting_table":3,"minecraft:chest":4,"biomesoplenty:high_grass_plant":4,"minecraft:copper_ore":25,"minecraft:tall_grass":17,"minecraft:cobblestone":26,"minecraft:lapis_ore":4,"minecraft:oak_planks":3,"minecraft:diorite":2,"minecraft:wall_torch":4,"minecraft:seagrass":5,"minecraft:spruce_stairs":10,"minecraft:birch_log":5,"unusualprehistory:stone_fossil":23,"minecraft:birch_leaves":15,"minecraft:grass":108,"minecraft:oak_log":2,"minecraft:coal_ore":9,"minecraft:gravel":1,"minecraft:dirt":17,"minecraft:acacia_planks":16,"minecraft:stone_bricks":3,"minecraft:oak_leaves":5,"minecraft:deepslate":12},"minecraft:custom":{"minecraft:interact_with_smithing_table":1,"minecraft:mob_kills":48,"minecraft:interact_with_crafting_table":51,"minecraft:eat_cake_slice":7,"minecraft:leave_game":1,"minecraft:time_since_death":64358,"minecraft:climb_one_cm":2075,"minecraft:sprint_one_cm":325150,"minecraft:walk_one_cm":212796,"minecraft:damage_blocked_by_shield":325,"minecraft:drop":47,"minecraft:play_time":167858,"minecraft:deaths":15,"minecraft:sneak_time":20731,"minecraft:walk_under_water_one_cm":17133,"minecraft:jump":3087,"minecraft:walk_on_water_one_cm":42490,"minecraft:total_world_time":167858,"minecraft:interact_with_furnace":3,"minecraft:sleep_in_bed":5,"minecraft:time_since_rest":38093,"minecraft:damage_taken":5558,"minecraft:damage_dealt":8263,"minecraft:swim_one_cm":95625,"minecraft:fly_one_cm":635458,"minecraft:player_kills":1,"minecraft:open_chest":41,"minecraft:crouch_one_cm":53218,"tombstone:undead_killed":13,"minecraft:fall_one_cm":66469},"minecraft:killed":{"aquaculture:bluegill":1,"minecraft:spider":3,"medieval_craft_weapons:archer":6,"medieval_craft_weapons:knight":5,"minecraft:skeleton":2,"medieval_craft_weapons:soldier":7,"minecraft:drowned":1,"alexsmobs:rhinoceros":1,"minecraft:creeper":1,"alexsmobs:emu":1,"aquaculture:minnow":1,"minecraft:zombie":10,"alexsmobs:gazelle":2,"alexsmobs:fly":1,"medieval_craft_weapons:heavyknight":2,"minecraft:cow":1},"minecraft:used":{"minecraft:chest":4,"minecraft:shield":13,"medieval_craft_weapons:sword_1":52,"medieval_craft_weapons:mighty_stick":169,"minecraft:rotten_flesh":9,"minecraft:iron_chestplate":2,"aquaculture:bluegill":1,"minecraft:dirt":32,"minecraft:mutton":2,"minecraft:spruce_stairs":1,"medieval_craft_weapons:lance":79,"minecraft:wooden_axe":15,"minecraft:iron_helmet":1,"minecraft:iron_boots":1,"minecraft:stone_bricks":2,"tombstone:gift":3,"medieval_craft_weapons:spear_1":1,"minecraft:cooked_beef":1,"minecraft:potato":1,"minecraft:acacia_planks":52,"minecraft:cooked_mutton":10,"minecraft:stone_pickaxe":63,"minecraft:baked_potato":12,"minecraft:oak_planks":29,"minecraft:wooden_pickaxe":15,"minecraft:white_wool":3,"minecraft:crafting_table":6,"minecraft:spider_eye":1,"minecraft:white_bed":2,"minecraft:diamond_pickaxe":260,"minecraft:diamond_shovel":8,"minecraft:bread":1,"medieval_craft_weapons:greatsword":77,"minecraft:stone_axe":65,"minecraft:cobblestone":147,"minecraft:smithing_table":1,"alexsmobs:animal_dictionary":1},"minecraft:picked_up":{"minecraft:wooden_axe":1,"iceandfire:dragon_skull_lightning":1,"minecraft:crafting_table":3,"minecraft:iron_chestplate":1,"unusualprehistory:amber_shard":3,"minecraft:wooden_pickaxe":3,"tombstone:grave_key":1,"minecraft:raw_copper":92,"alexsmobs:gazelle_horn":1,"minecraft:string":5,"minecraft:iron_leggings":1,"minecraft:armor_stand":2,"alexsmobs:emu_feather":5,"aquaculture:bluegill":1,"minecraft:cobbled_deepslate":11,"minecraft:beef":3,"unusualprehistory:plant_fossil_item":12,"minecraft:spruce_slab":7,"minecraft:chest":4,"minecraft:birch_sapling":2,"minecraft:iron_boots":1,"minecraft:stick":30,"minecraft:raw_iron":10,"minecraft:oak_fence":3,"minecraft:torch":2,"medieval_craft_weapons:titanite_nugget_1":2,"minecraft:acacia_log":17,"mobdropsrecipes_overworld:overworld_essence_common":5,"minecraft:spruce_stairs":9,"medieval_craft_weapons:spear_1":1,"minecraft:diorite":2,"medieval_craft_weapons:spear_2":2,"minecraft:redstone":19,"medieval_craft_weapons:soldiera_boots":1,"iceandfire:lightning_lily":1,"minecraft:arrow":2,"minecraft:rotten_flesh":11,"minecraft:gold_ingot":10,"minecraft:mutton":2,"minecraft:white_wool":2,"minecraft:cobblestone":186,"minecraft:birch_log":6,"minecraft:feather":1,"minecraft:jungle_log":1,"minecraft:andesite":17,"minecraft:leather":1,"alexsmobs:acacia_blossom":1,"minecraft:potato":1,"minecraft:oak_log":1,"minecraft:gunpowder":2,"medieval_craft_weapons:plate_chestplate":3,"minecraft:lapis_lazuli":28,"minecraft:dirt":50,"minecraft:cooked_mutton":10,"minecraft:bone":1,"minecraft:acacia_planks":13,"minecraft:apple":2,"minecraft:stone_bricks":3,"minecraft:wheat_seeds":13,"minecraft:iron_ingot":11,"aquaculture:minnow":1,"minecraft:oak_planks":30,"minecraft:acacia_sapling":3,"medieval_craft_weapons:sword_1":1,"medieval_craft_weapons:soldiera_chestplate":1,"minecraft:gravel":1,"minecraft:white_bed":2,"minecraft:spider_eye":2,"minecraft:diamond":10,"minecraft:iron_helmet":1,"minecraft:granite":1,"minecraft:bread":1,"alexsmobs:maggot":2,"unusualprehistory:amber_fossil":2,"minecraft:coal":9,"iceandfire:raw_silver":5,"unusualprehistory:mezo_fossil":34}},"DataVersion":3465}