{"stats":{"minecraft:killed":{"minecraft:pig":2,"minecraft:spider":2,"medieval_craft_weapons:archer":3,"medieval_craft_weapons:knight":2,"minecraft:sheep":3,"minecraft:zombie":7,"minecraft:cow":5},"minecraft:mined":{"minecraft:smoker":1,"minecraft:crafting_table":3,"minecraft:torch":2,"minecraft:grass_block":13,"minecraft:cobblestone":5,"minecraft:oak_planks":2,"minecraft:furnace":1,"minecraft:birch_log":6,"minecraft:grass":4,"minecraft:oak_log":86,"minecraft:dirt":6,"minecraft:stripped_oak_log":1,"minecraft:stone":30,"minecraft:oak_leaves":2},"minecraft:dropped":{"alexsmobs:animal_dictionary":1,"minecraft:birch_sapling":1,"minecraft:oak_planks":1,"minecraft:oak_sapling":12},"minecraft:used":{"minecraft:stone_sword":94,"minecraft:oak_planks":14,"minecraft:stone_pickaxe":7,"minecraft:wooden_pickaxe":30,"minecraft:iron_sword":3,"minecraft:iron_chestplate":1,"minecraft:torch":2,"minecraft:dirt":20,"minecraft:crafting_table":3,"minecraft:smoker":1,"minecraft:apple":4,"minecraft:stone_axe":109,"minecraft:cobblestone":10,"minecraft:furnace":1,"minecraft:oak_sapling":4,"tombstone:gift":1,"minecraft:egg":1,"comforts:sleeping_bag_white":1,"minecraft:cooked_beef":4},"minecraft:crafted":{"minecraft:cooked_beef":7,"minecraft:oak_planks":32,"minecraft:cooked_porkchop":4,"minecraft:crafting_table":1,"comforts:sleeping_bag_white":1,"minecraft:wooden_pickaxe":1,"minecraft:furnace":2,"minecraft:stone_axe":1,"minecraft:cooked_mutton":5,"minecraft:air":0,"minecraft:charcoal":17,"minecraft:stick":8,"minecraft:stone_pickaxe":1,"minecraft:stone_sword":1,"minecraft:torch":4,"minecraft:smoker":1},"minecraft:custom":{"minecraft:interact_with_furnace":19,"minecraft:mob_kills":24,"minecraft:interact_with_crafting_table":17,"minecraft:time_since_death":15897,"minecraft:sleep_in_bed":1,"minecraft:climb_one_cm":69,"minecraft:time_since_rest":14842,"minecraft:sprint_one_cm":126618,"minecraft:damage_taken":1783,"minecraft:walk_one_cm":56115,"minecraft:drop":5,"minecraft:damage_dealt":3212,"minecraft:swim_one_cm":4560,"minecraft:fly_one_cm":180638,"minecraft:open_chest":3,"minecraft:crouch_one_cm":11188,"minecraft:play_time":64891,"tombstone:undead_killed":7,"minecraft:deaths":5,"minecraft:sneak_time":3481,"minecraft:walk_under_water_one_cm":2984,"minecraft:jump":886,"minecraft:walk_on_water_one_cm":5322,"minecraft:interact_with_smoker":5,"minecraft:total_world_time":64891,"minecraft:fall_one_cm":7327},"minecraft:killed_by":{"alexsmobs:bison":1,"medieval_craft_weapons:knight":1,"medieval_craft_weapons:archer":2},"minecraft:picked_up":{"minecraft:birch_log":6,"minecraft:stripped_oak_log":1,"minecraft:charcoal":12,"minecraft:crafting_table":3,"minecraft:leather":6,"minecraft:smoker":1,"minecraft:oak_log":80,"minecraft:dirt":20,"minecraft:string":1,"minecraft:apple":4,"minecraft:wheat_seeds":1,"comforts:sleeping_bag_white":1,"minecraft:beef":7,"minecraft:birch_sapling":1,"minecraft:oak_planks":2,"minecraft:egg":1,"minecraft:furnace":1,"minecraft:stick":19,"minecraft:torch":2,"minecraft:porkchop":4,"tombstone:grave_dust":4,"alexsmobs:animal_dictionary":1,"minecraft:rotten_flesh":10,"minecraft:oak_sapling":18,"minecraft:mutton":5,"minecraft:white_wool":3,"minecraft:cobblestone":35}},"DataVersion":3465}