{"stats":{"minecraft:killed":{"minecraft:pig":2,"minecraft:spider":2,"medieval_craft_weapons:archer":7,"medieval_craft_weapons:knight":24,"minecraft:sheep":3,"medieval_craft_weapons:soldier":32,"minecraft:zombie":7,"medieval_craft_weapons:heavyknight":4,"minecraft:cow":5},"minecraft:mined":{"minecraft:smoker":1,"minecraft:crafting_table":5,"minecraft:torch":3,"minecraft:grass_block":31,"minecraft:cobblestone":5,"minecraft:oak_planks":12,"minecraft:wall_torch":4,"minecraft:furnace":1,"minecraft:birch_log":6,"minecraft:grass":7,"minecraft:oak_log":90,"minecraft:dirt":6,"minecraft:stripped_oak_log":1,"minecraft:stone_bricks":4,"minecraft:stone":40,"minecraft:spruce_slab":1,"minecraft:oak_leaves":2},"minecraft:dropped":{"minecraft:iron_ingot":8,"minecraft:wheat_seeds":2,"minecraft:stone_sword":2,"alexsmobs:animal_dictionary":2,"medieval_craft_weapons:long_sword":1,"minecraft:birch_sapling":1,"minecraft:cobblestone":2,"minecraft:rotten_flesh":20,"minecraft:oak_planks":10,"minecraft:stripped_oak_log":2,"minecraft:dirt":6,"minecraft:oak_sapling":16,"minecraft:spruce_slab":1,"minecraft:wooden_pickaxe":2,"minecraft:birch_log":6},"minecraft:used":{"minecraft:cooked_mutton":1,"minecraft:stone_sword":94,"minecraft:oak_planks":25,"minecraft:stone_pickaxe":13,"minecraft:shield":8,"minecraft:wooden_pickaxe":46,"minecraft:iron_sword":55,"medieval_craft_weapons:sword_1":69,"minecraft:iron_chestplate":1,"minecraft:torch":2,"minecraft:dirt":31,"minecraft:crafting_table":7,"minecraft:smoker":1,"minecraft:apple":4,"minecraft:bread":4,"minecraft:stone_bricks":2,"medieval_craft_weapons:pole_axe":20,"minecraft:stone_axe":121,"minecraft:cobblestone":10,"minecraft:furnace":1,"minecraft:oak_sapling":4,"medieval_craft_weapons:long_sword":187,"tombstone:gift":1,"minecraft:egg":1,"comforts:sleeping_bag_white":1,"minecraft:cooked_beef":7},"minecraft:crafted":{"minecraft:cooked_beef":7,"minecraft:oak_planks":48,"medieval_craft_weapons:long_sword":1,"minecraft:cooked_porkchop":4,"minecraft:crafting_table":3,"medieval_craft_weapons:pole_axe":1,"comforts:sleeping_bag_white":1,"minecraft:wooden_pickaxe":2,"minecraft:furnace":2,"minecraft:stone_axe":1,"minecraft:cooked_mutton":5,"minecraft:air":0,"medieval_craft_weapons:sword_1":2,"minecraft:charcoal":17,"minecraft:shield":1,"minecraft:stick":12,"minecraft:stone_pickaxe":1,"minecraft:stone_sword":1,"minecraft:torch":4,"minecraft:diamond_chestplate":1,"minecraft:smoker":1},"minecraft:custom":{"minecraft:interact_with_furnace":19,"minecraft:mob_kills":93,"minecraft:interact_with_crafting_table":23,"minecraft:eat_cake_slice":2,"minecraft:time_since_death":8272,"minecraft:sleep_in_bed":1,"minecraft:climb_one_cm":69,"minecraft:time_since_rest":7175,"minecraft:sprint_one_cm":175295,"minecraft:damage_taken":2653,"minecraft:walk_one_cm":98655,"minecraft:damage_blocked_by_shield":226,"minecraft:drop":26,"minecraft:damage_dealt":10861,"minecraft:swim_one_cm":6157,"minecraft:fly_one_cm":230492,"minecraft:open_chest":16,"minecraft:crouch_one_cm":27461,"minecraft:play_time":88891,"tombstone:undead_killed":7,"minecraft:deaths":6,"minecraft:sneak_time":9283,"minecraft:walk_under_water_one_cm":4166,"minecraft:jump":1484,"minecraft:walk_on_water_one_cm":6036,"minecraft:interact_with_smoker":5,"minecraft:total_world_time":88891,"minecraft:fall_one_cm":10229},"minecraft:killed_by":{"alexsmobs:bison":1,"medieval_craft_weapons:knight":1,"medieval_craft_weapons:soldier":1,"medieval_craft_weapons:archer":2},"minecraft:picked_up":{"minecraft:birch_log":6,"minecraft:stripped_oak_log":2,"minecraft:charcoal":12,"minecraft:crafting_table":5,"minecraft:leather":6,"minecraft:wooden_pickaxe":1,"minecraft:smoker":1,"medieval_craft_weapons:plate_boots":1,"minecraft:oak_log":86,"medieval_craft_weapons:long_sword":3,"medieval_craft_weapons:pole_axe":2,"minecraft:dirt":43,"minecraft:string":1,"minecraft:armor_stand":3,"minecraft:leather_boots":1,"minecraft:apple":4,"minecraft:stone_bricks":3,"minecraft:diamond_leggings":1,"minecraft:wheat_seeds":2,"comforts:sleeping_bag_white":1,"minecraft:beef":7,"minecraft:spruce_slab":1,"minecraft:birch_sapling":1,"minecraft:oak_planks":20,"minecraft:egg":1,"minecraft:furnace":1,"medieval_craft_weapons:sword_1":3,"minecraft:stick":19,"medieval_craft_weapons:plate_leggings":2,"medieval_craft_weapons:titanite_nugget_1":3,"minecraft:torch":6,"minecraft:porkchop":4,"tombstone:grave_dust":4,"alexsmobs:animal_dictionary":2,"minecraft:stone_sword":1,"minecraft:rotten_flesh":20,"minecraft:diamond_boots":1,"minecraft:chainmail_helmet":1,"minecraft:oak_sapling":20,"minecraft:mutton":5,"minecraft:white_wool":3,"minecraft:cobblestone":45,"medieval_craft_weapons:greatsword":1}},"DataVersion":3465}