{"stats":{"minecraft:used":{"minecraft:cooked_mutton":10,"minecraft:stone_pickaxe":38,"minecraft:oak_planks":1,"minecraft:wooden_pickaxe":15,"medieval_craft_weapons:mighty_stick":136,"minecraft:iron_chestplate":1,"minecraft:dirt":18,"minecraft:crafting_table":2,"minecraft:white_bed":2,"medieval_craft_weapons:lance":70,"minecraft:iron_helmet":1,"minecraft:stone_axe":3,"minecraft:cobblestone":8,"tombstone:gift":1,"alexsmobs:animal_dictionary":1,"minecraft:cooked_beef":1},"minecraft:crafted":{"minecraft:cooked_beef":1,"ageofweapons:medium_stone_blank":1,"minecraft:crafting_table":1,"minecraft:wooden_pickaxe":1,"medieval_craft_weapons:lance":2,"minecraft:stone_axe":1,"minecraft:air":0,"ageofweapons:longstick_wood":1,"ageofweapons:hammer":1,"minecraft:stick":8,"minecraft:stone_pickaxe":1,"medieval_craft_weapons:mighty_stick":2},"minecraft:broken":{"medieval_craft_weapons:mighty_stick":1},"minecraft:killed_by":{"minecraft:spider":1,"minecraft:zombie":1,"alexsmobs:emu":1,"medieval_craft_weapons:soldier":1},"minecraft:killed":{"aquaculture:bluegill":1,"alexsmobs:rhinoceros":1,"minecraft:creeper":1,"alexsmobs:emu":1,"minecraft:zombie":6,"alexsmobs:gazelle":1,"alexsmobs:fly":1,"minecraft:cow":1},"minecraft:picked_up":{"iceandfire:dragon_skull_lightning":1,"minecraft:crafting_table":2,"minecraft:feather":1,"minecraft:leather":1,"alexsmobs:acacia_blossom":1,"minecraft:potato":1,"minecraft:gunpowder":2,"minecraft:dirt":18,"minecraft:cooked_mutton":10,"minecraft:stone_bricks":2,"alexsmobs:emu_feather":5,"minecraft:wheat_seeds":8,"aquaculture:bluegill":1,"minecraft:beef":3,"minecraft:oak_planks":26,"minecraft:stick":4,"medieval_craft_weapons:titanite_nugget_1":1,"mobdropsrecipes_overworld:overworld_essence_common":5,"minecraft:white_bed":2,"iceandfire:lightning_lily":1,"minecraft:rotten_flesh":6,"alexsmobs:maggot":2,"minecraft:mutton":1,"minecraft:coal":8,"minecraft:cobblestone":41},"minecraft:custom":{"minecraft:interact_with_furnace":3,"minecraft:mob_kills":15,"minecraft:interact_with_crafting_table":33,"minecraft:time_since_death":1884,"minecraft:sleep_in_bed":4,"minecraft:time_since_rest":234,"minecraft:sprint_one_cm":116878,"minecraft:damage_taken":1815,"minecraft:walk_one_cm":99954,"minecraft:drop":2,"minecraft:damage_dealt":3218,"minecraft:swim_one_cm":7846,"minecraft:fly_one_cm":246324,"minecraft:player_kills":1,"minecraft:crouch_one_cm":11121,"minecraft:play_time":72787,"tombstone:undead_killed":6,"minecraft:deaths":4,"minecraft:sneak_time":4157,"minecraft:walk_under_water_one_cm":713,"minecraft:jump":1177,"minecraft:walk_on_water_one_cm":20543,"minecraft:total_world_time":72787,"minecraft:fall_one_cm":26974},"minecraft:mined":{"iceandfire:lightning_lily":1,"minecraft:crafting_table":2,"minecraft:grass_block":4,"minecraft:tall_grass":16,"minecraft:cobblestone":10,"minecraft:oak_planks":1,"minecraft:grass":68,"minecraft:coal_ore":8,"minecraft:dirt":6,"minecraft:acacia_planks":1,"minecraft:stone_bricks":2,"minecraft:stone":17,"minecraft:oak_leaves":4},"minecraft:dropped":{"medieval_craft_weapons:lance":1,"alexsmobs:emu_feather":1}},"DataVersion":3465}