{"stats":{"minecraft:used":{"minecraft:chest":6,"farmersdelight:birch_cabinet":5,"minecraft:lily_of_the_valley":1,"another_furniture:birch_shelf":5,"embellishcraft:smooth_marble":4,"simplylight:lamp_post":5,"apocalypsenow:heavy_machete":28,"carryon:tile_item":3,"minecraft:sweet_berries":5,"minecraft:furnace":2,"farmersdelight:hamburger":4,"apocalypsenow:cooked_human_flesh":1,"minecraft:stone_pickaxe":69,"biomesoplenty:mahogany_trapdoor":3,"minecraft:wooden_pickaxe":17,"apocalypsenow:iron_baseball_bat":400,"minecraft:melon_slice":56,"minecraft:string":1,"pfm:oak_gray_simple_bed":2,"biomesoplenty:mahogany_planks":57,"minecraft:acacia_log":1,"apocalypsenow:ballpeen_hammer":10,"create:cut_calcite":3,"minecraft:torch":54,"minecraft:dirt":29,"minecraft:wooden_axe":35,"cold_sweat:hearth":1,"apocalypsenow:baseball_bat":33,"apocalypsenow:porpsi":4,"comforts:sleeping_bag_white":1,"minecraft:brown_bed":1,"minecraft:cooked_mutton":4,"minecraft:stonecutter":1,"biomesoplenty:mahogany_log":10,"minecraft:crafting_table":4,"minecraft:smoker":1,"minecraft:apple":3,"minecraft:iron_pickaxe":187,"minecraft:stone_axe":108,"minecraft:cobblestone":52,"minecraft:potion":20,"chalk:blue_chalk":2},"minecraft:broken":{"minecraft:stone_axe":1,"minecraft:leather_helmet":1,"apocalypsenow:u_sarmy_leggings":1,"apocalypsenow:iron_baseball_bat":1,"apocalypsenow:baseball_bat":1},"minecraft:crafted":{"immersiveengineering:hammer":1,"minecraft:oak_planks":12,"minecraft:chainmail_helmet":1,"create_sa:copper_chestplate":1,"minecraft:cooked_mutton":10,"create_sa:copper_axe":1,"create_sa:copper_leggings":1,"sophisticatedbackpacks:backpack":1,"minecraft:crafting_table":2,"minecraft:chainmail_chestplate":1,"minecraft:string":6,"minecraft:stick":4,"minecraft:iron_ingot":12,"minecraft:leather_leggings":1,"minecraft:leather_boots":1,"biomesoplenty:mahogany_planks":40,"comforts:sleeping_bag_white":1,"minecraft:furnace":2,"create:iron_sheet":14,"create_sa:copper_helmet":1,"minecraft:leather":77,"createaddition:iron_wire":16,"immersiveengineering:wirecutter":1,"create_sa:copper_pickaxe":1,"minecraft:chainmail_leggings":1,"minecraft:leather_helmet":1,"minecraft:stone_axe":1,"minecraft:air":172,"create_sa:copper_boots":1,"minecraft:white_wool":9,"apocalypsenow:cooked_human_flesh":7,"minecraft:chainmail_boots":1,"minecraft:wooden_axe":1,"firstaid:bandage":1},"minecraft:custom":{"lootr:looted_stat":18,"minecraft:interact_with_crafting_table":57,"minecraft:leave_game":8,"minecraft:time_since_death":48253,"minecraft:sprint_one_cm":752747,"minecraft:drop":97,"minecraft:talked_to_villager":1,"minecraft:play_time":288289,"minecraft:deaths":18,"minecraft:jump":3309,"minecraft:interact_with_brewingstand":1,"minecraft:walk_on_water_one_cm":5886,"minecraft:interact_with_furnace":31,"minecraft:stove_opened":2,"minecraft:sleep_in_bed":9,"minecraft:damage_dealt":18128,"minecraft:crouch_one_cm":56301,"minecraft:interact_with_smoker":10,"minecraft:mob_kills":175,"minecraft:damage_dealt_resisted":64,"minecraft:climb_one_cm":24034,"minecraft:walk_one_cm":709703,"minecraft:fridge_opened":3,"minecraft:damage_dealt_absorbed":40,"minecraft:sneak_time":18607,"minecraft:walk_under_water_one_cm":4300,"minecraft:interact_with_blast_furnace":1,"minecraft:total_world_time":288289,"minecraft:interact_with_stonecutter":1,"minecraft:time_since_rest":21085,"minecraft:damage_taken":7360,"minecraft:swim_one_cm":6561,"minecraft:fly_one_cm":586167,"minecraft:freezer_opened":12,"minecraft:open_chest":90,"minecraft:fall_one_cm":98753},"minecraft:picked_up":{"minecraft:wooden_axe":1,"farmersdelight:birch_cabinet":5,"create:mechanical_crafter":2,"quark:spruce_ladder":1,"minecraft:brown_bed":1,"minecraft:potion":5,"farmersdelight:cutting_board":1,"minecraft:string":171,"minecraft:raw_copper":30,"minecraft:smooth_stone_slab":2,"pfm:oak_gray_simple_bed":4,"createaddition:iron_wire":1,"minecraft:smooth_stone":4,"farmersdelight:cabbage":5,"comforts:sleeping_bag_white":1,"minecraft:iron_pickaxe":2,"minecraft:melon_slice":160,"minecraft:furnace":2,"minecraft:stick":22,"embellishcraft:smooth_marble":7,"pfm:white_stove":1,"minecraft:torch":44,"minecraft:acacia_log":1,"minecraft:dried_kelp":2,"chalk:blue_chalk":2,"apocalypsenow:iron_baseball_bat":4,"minecraft:quartz_block":4,"minecraft:rotten_flesh":147,"biomesoplenty:mahogany_sapling":15,"minecraft:cobblestone":120,"tac:round45":14,"minecraft:leather_chestplate":1,"immersiveengineering:concrete_quarter":1,"farmersdelight:rice":9,"minecraft:iron_door":5,"apocalypsenow:ballpeen_hammer":2,"contenttweaker:rubber":2,"apocalypsenow:construction_chestplate":2,"minecraft:dirt":52,"minecraft:stripped_birch_log":1,"minecraft:leather_boots":3,"minecraft:bone":178,"minecraft:stonecutter":2,"apocalypsenow:human_flesh":12,"farmersdelight:vegetable_soup":3,"pfm:basic_toilet":2,"tac:9mm_round":57,"simplylight:lamp_post":7,"biomesoplenty:mahogany_planks":60,"apocalypsenow:u_sarmy_chestplate":2,"patchouli:guide_book":5,"another_furniture:birch_shelf":13,"apocalypsenow:small_can":4,"chalk:red_chalk":2,"immersiveengineering:raw_aluminum":7,"minecraft:lily_of_the_valley":1,"alexsmobs:animal_dictionary":2,"farmersdelight:rice_bag":3,"minecraft:bread":16,"create:framed_glass_door":1,"alexsmobs:maggot":6,"minecraft:oak_sapling":8,"apocalypsenow:construction_helmet":4,"minecraft:bricks":2,"create:stressometer":1,"rocks:cobblestone_splitter":3,"create:cut_calcite":3,"immersiveengineering:wirecutter":1,"minecraft:crafting_table":2,"tac:glock_17":1,"minecraft:wooden_pickaxe":4,"farmersdelight:tomato_sauce":2,"cold_sweat:hearth":1,"quark:stripped_birch_post":1,"minecraft:chest":7,"minecraft:egg":5,"minecraft:raw_iron":19,"minecraft:bowl":2,"sophisticatedbackpacks:backpack":1,"minecraft:carrot":1,"farmersdelight:hamburger":3,"create:depot":1,"quark:bamboo_mat":2,"firstaid:bandage":3,"biomesoplenty:mahogany_trapdoor":1,"minecraft:salmon":10,"create:framed_glass_trapdoor":1,"minecraft:oak_log":14,"minecraft:chainmail_chestplate":2,"minecraft:gunpowder":4,"farmersdelight:skillet":2,"minecraft:cooked_mutton":6,"apocalypsenow:cooked_human_flesh":11,"apocalypsenow:u_sarmy_leggings":1,"farmersdelight:honey_glazed_ham_block":2,"apocalypsenow:construction_leggings":2,"minecraft:apple":1,"minecraft:stone_bricks":4,"farmersdelight:cooking_pot":1,"apocalypsenow:money":10,"minecraft:stone_pickaxe":2,"minecraft:glass_bottle":15,"minecraft:book":111,"apocalypsenow:grape_juice":6,"quark:light_gray_shard":12,"minecraft:sweet_berries":18,"quark:dark_oak_hedge":1,"another_furniture:dark_oak_planter_box":1,"minecraft:spruce_sapling":3,"minecraft:leather_helmet":2,"biomesoplenty:mahogany_log":94,"minecraft:stone_axe":1,"xpbook:xp_tome":1,"minecraft:iron_helmet":1,"quark:oak_hedge":1,"quark:gray_shard":30,"minecraft:coal":70,"immersiveengineering:hammer":1},"minecraft:mined":{"minecraft:dark_oak_planks":2,"farmersdelight:rice_bag":3,"minecraft:oak_sapling":2,"quark:stripped_birch_post":1,"minecraft:acacia_log":1,"minecraft:grass_block":12,"rocks:jungle_stick":2,"pfm:white_stove":1,"minecraft:spawner":11,"comforts:sleeping_bag_white":1,"minecraft:smooth_stone":5,"minecraft:iron_ore":19,"rocks:oak_stick":2,"minecraft:brown_bed":1,"minecraft:dirt_path":1,"simplylight:lamp_post":5,"create:dark_oak_window_pane":2,"minecraft:quartz_block":6,"lootr:lootr_chest":3,"another_furniture:dark_oak_planter_box":1,"minecraft:torch":3,"minecraft:melon":17,"minecraft:chest":4,"minecraft:cobblestone":1,"create:birch_window_pane":1,"minecraft:bricks":2,"minecraft:iron_door":3,"minecraft:wall_torch":5,"pfm:basic_toilet":1,"minecraft:light_gray_stained_glass":1,"farmersdelight:cutting_board":1,"minecraft:smooth_stone_slab":2,"minecraft:grass":4,"minecraft:oak_log":5,"create:framed_glass_trapdoor":1,"create:stressometer":1,"minecraft:dirt":24,"pfm:oak_gray_simple_bed":3,"minecraft:stonecutter":2,"minecraft:oak_leaves":14,"farmersdelight:honey_glazed_ham_block":2,"minecraft:stripped_birch_log":1,"immersiveengineering:concrete_quarter":1,"create:depot":1,"minecraft:spruce_leaves":12,"quark:bamboo_mat":2,"rocks:rock":1,"another_furniture:birch_shelf":13,"create:cut_calcite":3,"farmersdelight:wild_onions":1,"minecraft:black_stained_glass_pane":2,"minecraft:furnace":1,"create:framed_glass_pane":2,"cold_sweat:hearth_bottom":1,"immersiveengineering:capacitor_mv":1,"minecraft:bookshelf":33,"rocks:birch_stick":1,"immersiveengineering:light_engineering":1,"minecraft:stone":83,"immersiveengineering:ore_aluminum":7,"farmersdelight:birch_cabinet":5,"farmersdelight:cooking_pot":1,"minecraft:lily_of_the_valley":1,"minecraft:crafting_table":2,"create:framed_glass_door":1,"minecraft:gray_stained_glass":3,"biomesoplenty:mahogany_planks":7,"minecraft:copper_ore":8,"biomesoplenty:mahogany_trapdoor":1,"biomesoplenty:mahogany_log":9,"minecraft:sweet_berry_bush":7,"cfm:stripped_spruce_table":1,"embellishcraft:smooth_marble":7,"minecraft:coal_ore":55,"quark:oak_hedge":1,"create:mechanical_crafter":2,"quark:dark_oak_hedge":1,"minecraft:stone_bricks":4,"minecraft:fern":8},"minecraft:killed":{"undead_revamp2:thesmoker":12,"undead_revamp2:crackleball":7,"zombiemobs:zombie_pig":1,"minecraft:zombie":100,"zombie_extreme:infected_police":4,"alexsmobs:fly":2,"hordes:zombie_player":4,"undead_revamp2:bomber":1,"zombie_extreme:runner":4,"zombie_extreme:crawler":2,"minecraft:husk":17,"undead_revamp2:the_moonflower":6},"minecraft:dropped":{"farmersdelight:honey_cookie":1,"contenttweaker:rubber":2,"minecraft:oak_log":4,"tac:round45":4,"minecraft:crafting_table":1,"apocalypsenow:ballpeen_hammer":1,"minecraft:leather":30,"minecraft:dirt":5,"quark:light_gray_shard":3,"quark:bamboo_mat":2,"solcarrot:food_book":1,"create:iron_sheet":13,"ftbquests:book":1,"minecraft:bone":14,"alexsmobs:animal_dictionary":1,"minecraft:rotten_flesh":9,"patchouli:guide_book":2,"create:framed_glass_trapdoor":1,"immersiveengineering:manual":1,"farmersdelight:honey_glazed_ham_block":1,"minecraft:quartz_block":2,"minecraft:chest":1,"immersiveengineering:wirecutter":1,"apocalypsenow:human_flesh":2,"biomesoplenty:mahogany_log":1,"quark:oak_hedge":1,"another_furniture:dark_oak_planter_box":1,"farmersdelight:skillet":5,"createaddition:iron_wire":4,"minecraft:torch":1,"minecraft:iron_door":2,"minecraft:stripped_birch_log":1,"minecraft:dried_kelp":2,"pfm:basic_toilet":1,"quark:spruce_ladder":1,"minecraft:string":6,"minecraft:spruce_sapling":3,"apocalypsenow:u_sarmy_chestplate":1,"minecraft:furnace":1,"minecraft:bricks":2,"minecraft:sweet_berries":3,"alexsmobs:maggot":2,"quark:dark_oak_hedge":1,"minecraft:smooth_stone_slab":2,"embellishcraft:smooth_marble":1,"minecraft:chicken":1,"farmersdelight:tomato_sauce":1,"create:copper_sheet":13,"immersiveengineering:hammer":1,"apocalypsenow:iron_baseball_bat":1,"apocalypsenow:construction_chestplate":1,"apocalypsenow:rolling_pin":2,"pfm:furniture_book":1,"minecraft:wooden_pickaxe":1,"tac:9mm_round":36},"minecraft:killed_by":{"undead_revamp2:the_moonflower":1,"zombie_extreme:runner":1,"zombie_extreme:demolisher":1,"minecraft:zombie":4,"undead_revamp2:thesmoker":2,"minecraft:husk":2,"minecraft:player":1,"hordes:zombie_player":2}},"DataVersion":2975}